timestamp,elapsed_s,qr_command,all_detections,nav_state,cmd_linear_x,cmd_angular_z,detection_event
2026-05-21T20:11:04.243,0.225,,,,0.0000,0.0000,False
2026-05-21T20:11:04.443,0.425,,,,0.0000,0.0000,False
2026-05-21T20:11:04.643,0.625,,,,0.0000,0.0000,False
2026-05-21T20:11:04.849,0.831,,,,0.0000,0.0000,False
2026-05-21T20:11:05.048,1.030,,,,0.0000,0.0000,False
2026-05-21T20:11:05.244,1.226,,,,0.0000,0.0000,False
2026-05-21T20:11:05.443,1.425,,,,0.0000,0.0000,False
2026-05-21T20:11:05.644,1.626,,,,0.0000,0.0000,False
2026-05-21T20:11:05.843,1.825,,,,0.0000,0.0000,False
2026-05-21T20:11:06.044,2.026,,,,0.0000,0.0000,False
2026-05-21T20:11:06.247,2.229,,,,0.0000,0.0000,False
2026-05-21T20:11:06.444,2.426,,,,0.0000,0.0000,False
2026-05-21T20:11:06.644,2.626,,,,0.0000,0.0000,False
2026-05-21T20:11:06.844,2.826,,,,0.0000,0.0000,False
2026-05-21T20:11:07.044,3.026,,,,0.0000,0.0000,False
2026-05-21T20:11:07.243,3.225,,,,0.0000,0.0000,False
2026-05-21T20:11:07.443,3.425,,,,0.0000,0.0000,False
2026-05-21T20:11:07.643,3.625,,,,0.0000,0.0000,False
2026-05-21T20:11:07.843,3.825,,,,0.0000,0.0000,False
2026-05-21T20:11:08.043,4.025,,,,0.0000,0.0000,False
2026-05-21T20:11:08.243,4.225,,,,0.0000,0.0000,False
2026-05-21T20:11:08.443,4.425,,,,0.0000,0.0000,False
2026-05-21T20:11:08.643,4.625,,,,0.0000,0.0000,False
2026-05-21T20:11:08.843,4.825,,,,0.0000,0.0000,False
2026-05-21T20:11:09.043,5.025,,,,0.0000,0.0000,False
2026-05-21T20:11:09.243,5.225,,,,0.0000,0.0000,False
2026-05-21T20:11:09.443,5.425,,,,0.0000,0.0000,False
2026-05-21T20:11:09.643,5.625,,,,0.0000,0.0000,False
2026-05-21T20:11:09.843,5.825,,,,0.0000,0.0000,False
2026-05-21T20:11:10.044,6.026,,,,0.0000,0.0000,False
2026-05-21T20:11:10.243,6.225,,,,0.0000,0.0000,False
2026-05-21T20:11:10.443,6.425,,,,0.0000,0.0000,False
2026-05-21T20:11:10.643,6.625,,,,0.0000,0.0000,False
2026-05-21T20:11:10.843,6.825,,,,0.0000,0.0000,False
2026-05-21T20:11:11.044,7.026,,,,0.0000,0.0000,False
2026-05-21T20:11:11.243,7.225,,,,0.0000,0.0000,False
2026-05-21T20:11:11.443,7.425,,,,0.0000,0.0000,False
2026-05-21T20:11:11.643,7.625,,,,0.0000,0.0000,False
2026-05-21T20:11:11.843,7.825,,,,0.0000,0.0000,False
2026-05-21T20:11:12.043,8.025,,,,0.0000,0.0000,False
2026-05-21T20:11:12.243,8.225,,,,0.0000,0.0000,False
2026-05-21T20:11:12.443,8.425,,,,0.0000,0.0000,False
2026-05-21T20:11:12.643,8.625,,,,0.0000,0.0000,False
2026-05-21T20:11:12.843,8.825,,,,0.0000,0.0000,False
2026-05-21T20:11:13.043,9.025,,,,0.0000,0.0000,False
2026-05-21T20:11:13.243,9.225,GO,"[{""timestamp"": ""2026-05-21T20:11:13"", ""content"": ""GO"", ""bbox_area"": 5935.511448707432}]",DRIVING,0.0800,0.0000,True
2026-05-21T20:11:13.443,9.425,,"[{""timestamp"": ""2026-05-21T20:11:13"", ""content"": ""GO"", ""bbox_area"": 8153.86234943429}]",DRIVING,0.0800,0.0000,False
2026-05-21T20:11:13.643,9.625,,"[{""timestamp"": ""2026-05-21T20:11:13"", ""content"": ""GO"", ""bbox_area"": 8690.615426396485}]",DRIVING,0.0800,0.0000,False
2026-05-21T20:11:13.843,9.825,,,DRIVING,0.0800,0.0000,False
2026-05-21T20:11:14.043,10.025,,,DRIVING,0.0800,0.0000,False
2026-05-21T20:11:14.244,10.226,,,DRIVING,0.0800,0.0000,False
2026-05-21T20:11:14.443,10.425,,,DRIVING,0.0800,0.0000,False
2026-05-21T20:11:14.643,10.625,,,DRIVING,0.0800,0.0000,False
2026-05-21T20:11:14.843,10.825,,,DRIVING,0.0800,0.0000,False
2026-05-21T20:11:15.043,11.025,,,DRIVING,0.0800,0.0000,False
2026-05-21T20:11:15.243,11.225,,,DRIVING,0.0800,0.0000,False
2026-05-21T20:11:15.443,11.425,,,DRIVING,0.0800,0.0000,False
2026-05-21T20:11:15.643,11.625,,,DRIVING,0.0800,0.0000,False
2026-05-21T20:11:15.843,11.825,,,DRIVING,0.0800,0.0000,False
2026-05-21T20:11:16.043,12.025,,,DRIVING,0.0800,0.0000,False
2026-05-21T20:11:16.243,12.225,,,RECOVERING,0.0800,0.0000,False
2026-05-21T20:11:16.443,12.425,,,RECOVERING,0.0800,0.0000,False
2026-05-21T20:11:16.643,12.625,,,RECOVERING,0.0800,0.0000,False
2026-05-21T20:11:16.843,12.825,,,RECOVERING,0.0800,0.0000,False
2026-05-21T20:11:17.043,13.025,,,RECOVERING,0.0800,0.0000,False
2026-05-21T20:11:17.243,13.225,,,RECOVERING,0.0800,0.0000,False
2026-05-21T20:11:17.443,13.425,,,RECOVERING,0.0800,0.0000,False
2026-05-21T20:11:17.643,13.625,,,RECOVERING,0.0800,0.0000,False
2026-05-21T20:11:17.844,13.826,,,RECOVERING,0.0800,0.0000,False
2026-05-21T20:11:18.043,14.025,,,RECOVERING,0.0800,0.0000,False
2026-05-21T20:11:18.243,14.225,,,RECOVERING,0.0800,0.0000,False
2026-05-21T20:11:18.443,14.425,,,RECOVERING,0.0800,0.0000,False
2026-05-21T20:11:18.643,14.625,,,RECOVERING,0.0800,0.0000,False
2026-05-21T20:11:18.843,14.825,,,RECOVERING,0.0800,0.0000,False
2026-05-21T20:11:19.043,15.025,,,RECOVERING,0.0800,0.0000,False
2026-05-21T20:11:19.243,15.225,,,RECOVERING,0.0800,0.0000,False
2026-05-21T20:11:19.443,15.425,,,RECOVERING,0.0800,0.0000,False
2026-05-21T20:11:19.643,15.625,,,RECOVERING,0.0800,0.0000,False
2026-05-21T20:11:19.843,15.825,,,RECOVERING,0.0800,0.0000,False
2026-05-21T20:11:20.043,16.025,,,RECOVERING,0.0800,0.0000,False
2026-05-21T20:11:20.243,16.225,,,RECOVERING,0.0800,0.0000,False
2026-05-21T20:11:20.443,16.425,,,RECOVERING,0.0800,0.0000,False
2026-05-21T20:11:20.643,16.625,,,RECOVERING,0.0800,0.0000,False
2026-05-21T20:11:20.843,16.825,,,RECOVERING,0.0800,0.0000,False
2026-05-21T20:11:21.043,17.025,,,RECOVERING,0.0800,0.0000,False
2026-05-21T20:11:21.243,17.225,,,RECOVERING,0.0800,0.0000,False
2026-05-21T20:11:21.443,17.425,,,RECOVERING,0.0800,0.0000,False
2026-05-21T20:11:21.643,17.625,,,RECOVERING,0.0800,0.0000,False
2026-05-21T20:11:21.843,17.825,,,RECOVERING,0.0800,0.0000,False
2026-05-21T20:11:22.043,18.025,,,RECOVERING,0.0800,0.0000,False
2026-05-21T20:11:22.243,18.225,,,RECOVERING,0.0800,0.0000,False
2026-05-21T20:11:22.443,18.425,,,RECOVERING,0.0800,0.0000,False
2026-05-21T20:11:22.643,18.625,,,RECOVERING,0.0800,0.0000,False
2026-05-21T20:11:22.843,18.825,,,RECOVERING,0.0800,0.0000,False
2026-05-21T20:11:23.043,19.025,,,RECOVERING,0.0800,0.0000,False
2026-05-21T20:11:23.243,19.225,,,RECOVERING,0.0800,0.0000,False
2026-05-21T20:11:23.443,19.425,,,RECOVERING,0.0800,0.0000,False
2026-05-21T20:11:23.643,19.625,,,RECOVERING,0.0800,0.0000,False
2026-05-21T20:11:23.843,19.825,,,RECOVERING,0.0800,0.0000,False
2026-05-21T20:11:24.043,20.025,,,RECOVERING,0.0800,0.0000,False
2026-05-21T20:11:24.244,20.226,,,RECOVERING,0.0800,0.0000,False
2026-05-21T20:11:24.443,20.425,,,RECOVERING,0.0800,0.0000,False
2026-05-21T20:11:24.643,20.625,,,RECOVERING,0.0800,0.0000,False
2026-05-21T20:11:24.843,20.825,,,RECOVERING,0.0800,0.0000,False
2026-05-21T20:11:25.043,21.025,,,RECOVERING,0.0800,0.0000,False
2026-05-21T20:11:25.243,21.225,,,RECOVERING,0.0800,0.0000,False
2026-05-21T20:11:25.443,21.425,,,RECOVERING,0.0800,0.0000,False
2026-05-21T20:11:25.643,21.625,,,RECOVERING,0.0800,0.0000,False
2026-05-21T20:11:25.843,21.825,,,RECOVERING,0.0800,0.0000,False
2026-05-21T20:11:26.043,22.025,,,RECOVERING,0.0800,0.0000,False
2026-05-21T20:11:26.243,22.225,,,RECOVERING,0.0800,0.0000,False
2026-05-21T20:11:26.443,22.425,,,RECOVERING,0.0800,0.0000,False
2026-05-21T20:11:26.643,22.625,,,RECOVERING,0.0800,0.0000,False
2026-05-21T20:11:26.843,22.825,,,RECOVERING,0.0800,0.0000,False
2026-05-21T20:11:27.043,23.025,,,RECOVERING,0.0800,0.0000,False
2026-05-21T20:11:27.243,23.225,,,RECOVERING,0.0800,0.0000,False
2026-05-21T20:11:27.444,23.426,,,RECOVERING,0.0800,0.0000,False
2026-05-21T20:11:27.644,23.626,,,RECOVERING,0.0800,0.0000,False
2026-05-21T20:11:27.844,23.826,,,RECOVERING,0.0800,0.0000,False
2026-05-21T20:11:28.043,24.025,,,RECOVERING,0.0800,0.0000,False
2026-05-21T20:11:28.243,24.225,,,RECOVERING,0.0800,0.0000,False
2026-05-21T20:11:28.443,24.425,,,RECOVERING,0.0800,0.0000,False
2026-05-21T20:11:28.643,24.625,,,RECOVERING,0.0800,0.0000,False
2026-05-21T20:11:28.843,24.825,,,RECOVERING,0.0800,0.0000,False
2026-05-21T20:11:29.043,25.025,,,RECOVERING,0.0800,0.0000,False
2026-05-21T20:11:29.243,25.225,,,RECOVERING,0.0800,0.0000,False
2026-05-21T20:11:29.443,25.425,STOP,"[{""timestamp"": ""2026-05-21T20:11:29"", ""content"": ""STOP"", ""bbox_area"": 7398.801744992379}]",STOPPED,0.0000,0.0000,True
2026-05-21T20:11:29.643,25.625,,,STOPPED,0.0000,0.0000,False
2026-05-21T20:11:29.843,25.825,,,STOPPED,0.0000,0.0000,False
2026-05-21T20:11:30.043,26.025,,,STOPPED,0.0000,0.0000,False
2026-05-21T20:11:30.243,26.225,,,STOPPED,0.0000,0.0000,False
2026-05-21T20:11:30.443,26.425,,,STOPPED,0.0000,0.0000,False
2026-05-21T20:11:30.643,26.625,,,STOPPED,0.0000,0.0000,False
2026-05-21T20:11:30.843,26.825,,,STOPPED,0.0000,0.0000,False
2026-05-21T20:11:31.045,27.027,,,STOPPED,0.0000,0.0000,False
2026-05-21T20:11:31.243,27.225,,,STOPPED,0.0000,0.0000,False
2026-05-21T20:11:31.443,27.425,,,STOPPED,0.0000,0.0000,False
2026-05-21T20:11:31.643,27.625,,,STOPPED,0.0000,0.0000,False
2026-05-21T20:11:31.843,27.825,,,STOPPED,0.0000,0.0000,False
2026-05-21T20:11:32.043,28.025,,,STOPPED,0.0000,0.0000,False
2026-05-21T20:11:32.243,28.225,,,STOPPED,0.0000,0.0000,False
2026-05-21T20:11:32.443,28.425,,,STOPPED,0.0000,0.0000,False
2026-05-21T20:11:32.643,28.625,,,STOPPED,0.0000,0.0000,False
2026-05-21T20:11:32.843,28.825,,,STOPPED,0.0000,0.0000,False
2026-05-21T20:11:33.043,29.025,,,STOPPED,0.0000,0.0000,False
2026-05-21T20:11:33.245,29.227,,,STOPPED,0.0000,0.0000,False
2026-05-21T20:11:33.443,29.425,,,STOPPED,0.0000,0.0000,False
2026-05-21T20:11:33.643,29.625,,,STOPPED,0.0000,0.0000,False
2026-05-21T20:11:33.843,29.825,,,STOPPED,0.0000,0.0000,False
2026-05-21T20:11:34.044,30.026,,,STOPPED,0.0000,0.0000,False
2026-05-21T20:11:34.243,30.225,,,STOPPED,0.0000,0.0000,False
2026-05-21T20:11:34.443,30.425,,,STOPPED,0.0000,0.0000,False
2026-05-21T20:11:34.643,30.625,,,STOPPED,0.0000,0.0000,False
2026-05-21T20:11:34.843,30.825,,,STOPPED,0.0000,0.0000,False
2026-05-21T20:11:35.043,31.025,,,STOPPED,0.0000,0.0000,False
2026-05-21T20:11:35.243,31.225,,,STOPPED,0.0000,0.0000,False
2026-05-21T20:11:35.443,31.425,,,STOPPED,0.0000,0.0000,False
2026-05-21T20:11:35.643,31.625,,,STOPPED,0.0000,0.0000,False
2026-05-21T20:11:35.843,31.825,,,STOPPED,0.0000,0.0000,False
2026-05-21T20:11:36.043,32.025,,,STOPPED,0.0000,0.0000,False
2026-05-21T20:11:36.243,32.225,,,STOPPED,0.0000,0.0000,False
2026-05-21T20:11:36.443,32.425,,,STOPPED,0.0000,0.0000,False
2026-05-21T20:11:36.643,32.625,,,STOPPED,0.0000,0.0000,False
2026-05-21T20:11:36.844,32.826,,,STOPPED,0.0000,0.0000,False
2026-05-21T20:11:37.043,33.025,,,STOPPED,0.0000,0.0000,False
2026-05-21T20:11:37.243,33.225,,,STOPPED,0.0000,0.0000,False
2026-05-21T20:11:37.443,33.425,,,STOPPED,0.0000,0.0000,False
2026-05-21T20:11:37.643,33.625,,,STOPPED,0.0000,0.0000,False
2026-05-21T20:11:37.843,33.825,,,STOPPED,0.0000,0.0000,False
2026-05-21T20:11:38.043,34.025,,,STOPPED,0.0000,0.0000,False
2026-05-21T20:11:38.243,34.225,,,STOPPED,0.0000,0.0000,False
2026-05-21T20:11:38.444,34.426,,,STOPPED,0.0000,0.0000,False
2026-05-21T20:11:38.643,34.625,,,STOPPED,0.0000,0.0000,False
2026-05-21T20:11:38.843,34.825,,,STOPPED,0.0000,0.0000,False
2026-05-21T20:11:39.043,35.025,,,STOPPED,0.0000,0.0000,False
2026-05-21T20:11:39.243,35.225,,,STOPPED,0.0000,0.0000,False
2026-05-21T20:11:39.443,35.425,,,STOPPED,0.0000,0.0000,False
2026-05-21T20:11:39.643,35.625,,,STOPPED,0.0000,0.0000,False
2026-05-21T20:11:39.843,35.825,,,STOPPED,0.0000,0.0000,False
2026-05-21T20:11:40.043,36.025,,,STOPPED,0.0000,0.0000,False
2026-05-21T20:11:40.243,36.225,,,STOPPED,0.0000,0.0000,False
2026-05-21T20:11:40.443,36.425,,,STOPPED,0.0000,0.0000,False
2026-05-21T20:11:40.643,36.625,,,STOPPED,0.0000,0.0000,False
2026-05-21T20:11:40.843,36.825,,,STOPPED,0.0000,0.0000,False
2026-05-21T20:11:41.043,37.025,,,STOPPED,0.0000,0.0000,False
2026-05-21T20:11:41.243,37.225,,,STOPPED,0.0000,0.0000,False
2026-05-21T20:11:41.444,37.426,,,STOPPED,0.0000,0.0000,False
2026-05-21T20:11:41.643,37.625,,,STOPPED,0.0000,0.0000,False
2026-05-21T20:11:41.843,37.825,,,STOPPED,0.0000,0.0000,False
2026-05-21T20:11:42.043,38.025,,,STOPPED,0.0000,0.0000,False
2026-05-21T20:11:42.243,38.225,,,STOPPED,0.0000,0.0000,False
2026-05-21T20:11:42.443,38.425,,,STOPPED,0.0000,0.0000,False
2026-05-21T20:11:42.645,38.627,,,STOPPED,0.0000,0.0000,False
2026-05-21T20:11:42.843,38.825,,,STOPPED,0.0000,0.0000,False
2026-05-21T20:11:43.043,39.025,,,STOPPED,0.0000,0.0000,False
2026-05-21T20:11:43.243,39.225,,,STOPPED,0.0000,0.0000,False
2026-05-21T20:11:43.443,39.425,,,STOPPED,0.0000,0.0000,False
2026-05-21T20:11:43.643,39.625,,,STOPPED,0.0000,0.0000,False
2026-05-21T20:11:43.843,39.825,,,STOPPED,0.0000,0.0000,False
2026-05-21T20:11:44.045,40.027,,,STOPPED,0.0000,0.0000,False
2026-05-21T20:11:44.245,40.227,,,STOPPED,0.0000,0.0000,False
2026-05-21T20:11:44.444,40.426,,,STOPPED,0.0000,0.0000,False
2026-05-21T20:11:44.643,40.625,,,STOPPED,0.0000,0.0000,False
2026-05-21T20:11:44.843,40.825,,,STOPPED,0.0000,0.0000,False
2026-05-21T20:11:45.044,41.026,,,STOPPED,0.0000,0.0000,False
2026-05-21T20:11:45.243,41.225,,,STOPPED,0.0000,0.0000,False
2026-05-21T20:11:45.443,41.425,,,STOPPED,0.0000,0.0000,False
2026-05-21T20:11:45.643,41.625,,,STOPPED,0.0000,0.0000,False
2026-05-21T20:11:45.843,41.825,,,STOPPED,0.0000,0.0000,False
2026-05-21T20:11:46.044,42.026,,,STOPPED,0.0000,0.0000,False
2026-05-21T20:11:46.244,42.226,,,STOPPED,0.0000,0.0000,False
2026-05-21T20:11:46.443,42.425,,,STOPPED,0.0000,0.0000,False
2026-05-21T20:11:46.643,42.625,,,STOPPED,0.0000,0.0000,False
2026-05-21T20:11:46.844,42.826,,,STOPPED,0.0000,0.0000,False
2026-05-21T20:11:47.044,43.026,,,STOPPED,0.0000,0.0000,False
2026-05-21T20:11:47.243,43.225,,,STOPPED,0.0000,0.0000,False
2026-05-21T20:11:47.443,43.425,,,STOPPED,0.0000,0.0000,False
2026-05-21T20:11:47.643,43.625,,,STOPPED,0.0000,0.0000,False
2026-05-21T20:11:47.844,43.826,,,STOPPED,0.0000,0.0000,False
2026-05-21T20:11:48.043,44.025,,,STOPPED,0.0000,0.0000,False
2026-05-21T20:11:48.243,44.225,,,STOPPED,0.0000,0.0000,False
2026-05-21T20:11:48.443,44.425,,,STOPPED,0.0000,0.0000,False
2026-05-21T20:11:48.644,44.626,,,STOPPED,0.0000,0.0000,False
2026-05-21T20:11:48.843,44.825,,,STOPPED,0.0000,0.0000,False
2026-05-21T20:11:49.043,45.025,,,STOPPED,0.0000,0.0000,False
2026-05-21T20:11:49.243,45.225,,,STOPPED,0.0000,0.0000,False
2026-05-21T20:11:49.443,45.425,,,STOPPED,0.0000,0.0000,False
2026-05-21T20:11:49.643,45.625,,,STOPPED,0.0000,0.0000,False
2026-05-21T20:11:49.843,45.825,,,STOPPED,0.0000,0.0000,False
2026-05-21T20:11:50.044,46.026,,,STOPPED,0.0000,0.0000,False
2026-05-21T20:11:50.244,46.226,,,STOPPED,0.0000,0.0000,False
2026-05-21T20:11:50.444,46.426,,,STOPPED,0.0000,0.0000,False
2026-05-21T20:11:50.643,46.625,,,STOPPED,0.0000,0.0000,False
2026-05-21T20:11:50.844,46.826,,,STOPPED,0.0000,0.0000,False
2026-05-21T20:11:51.043,47.025,,,STOPPED,0.0000,0.0000,False
2026-05-21T20:11:51.243,47.225,,,STOPPED,0.0000,0.0000,False
2026-05-21T20:11:51.443,47.425,,,STOPPED,0.0000,0.0000,False
2026-05-21T20:11:51.643,47.625,,,STOPPED,0.0000,0.0000,False
2026-05-21T20:11:51.844,47.826,,,STOPPED,0.0000,0.0000,False
2026-05-21T20:11:52.043,48.025,,,STOPPED,0.0000,0.0000,False
2026-05-21T20:11:52.244,48.226,,,STOPPED,0.0000,0.0000,False
2026-05-21T20:11:52.443,48.425,,,STOPPED,0.0000,0.0000,False
2026-05-21T20:11:52.643,48.625,,,STOPPED,0.0000,0.0000,False
2026-05-21T20:11:52.843,48.825,,,STOPPED,0.0000,0.0000,False
2026-05-21T20:11:53.044,49.026,,,STOPPED,0.0000,0.0000,False
2026-05-21T20:11:53.243,49.225,,,STOPPED,0.0000,0.0000,False
2026-05-21T20:11:53.444,49.426,,,STOPPED,0.0000,0.0000,False
2026-05-21T20:11:53.644,49.626,,,STOPPED,0.0000,0.0000,False
2026-05-21T20:11:53.844,49.826,,,STOPPED,0.0000,0.0000,False
2026-05-21T20:11:54.044,50.026,,,STOPPED,0.0000,0.0000,False
2026-05-21T20:11:54.243,50.225,,,STOPPED,0.0000,0.0000,False
2026-05-21T20:11:54.443,50.425,,,STOPPED,0.0000,0.0000,False
2026-05-21T20:11:54.643,50.625,,,STOPPED,0.0000,0.0000,False
2026-05-21T20:11:54.843,50.825,,,STOPPED,0.0000,0.0000,False
2026-05-21T20:11:55.043,51.025,,,STOPPED,0.0000,0.0000,False
2026-05-21T20:11:55.244,51.226,,,STOPPED,0.0000,0.0000,False
2026-05-21T20:11:55.443,51.425,,,STOPPED,0.0000,0.0000,False
2026-05-21T20:11:55.644,51.626,,,STOPPED,0.0000,0.0000,False
2026-05-21T20:11:55.844,51.826,,,STOPPED,0.0000,0.0000,False
2026-05-21T20:11:56.044,52.026,,,STOPPED,0.0000,0.0000,False
2026-05-21T20:11:56.243,52.225,,,STOPPED,0.0000,0.0000,False
2026-05-21T20:11:56.443,52.425,,,STOPPED,0.0000,0.0000,False
2026-05-21T20:11:56.643,52.625,,,STOPPED,0.0000,0.0000,False
2026-05-21T20:11:56.843,52.825,,,STOPPED,0.0000,0.0000,False
2026-05-21T20:11:57.044,53.026,,,STOPPED,0.0000,0.0000,False
2026-05-21T20:11:57.243,53.225,,,STOPPED,0.0000,0.0000,False
2026-05-21T20:11:57.443,53.425,,,STOPPED,0.0000,0.0000,False
2026-05-21T20:11:57.643,53.625,,,STOPPED,0.0000,0.0000,False
2026-05-21T20:11:57.843,53.825,,,STOPPED,0.0000,0.0000,False
2026-05-21T20:11:58.043,54.025,,,STOPPED,0.0000,0.0000,False
2026-05-21T20:11:58.244,54.226,,,STOPPED,0.0000,0.0000,False
2026-05-21T20:11:58.443,54.425,,,STOPPED,0.0000,0.0000,False
2026-05-21T20:11:58.643,54.625,,,STOPPED,0.0000,0.0000,False
2026-05-21T20:11:58.843,54.825,,,STOPPED,0.0000,0.0000,False
2026-05-21T20:11:59.043,55.025,,,STOPPED,0.0000,0.0000,False
2026-05-21T20:11:59.244,55.226,,,STOPPED,0.0000,0.0000,False
2026-05-21T20:11:59.443,55.425,,,STOPPED,0.0000,0.0000,False
2026-05-21T20:11:59.643,55.625,,,STOPPED,0.0000,0.0000,False
2026-05-21T20:11:59.844,55.826,,,STOPPED,0.0000,0.0000,False
2026-05-21T20:12:00.044,56.026,,,STOPPED,0.0000,0.0000,False
2026-05-21T20:12:00.243,56.225,,,STOPPED,0.0000,0.0000,False
2026-05-21T20:12:00.443,56.425,,,STOPPED,0.0000,0.0000,False
2026-05-21T20:12:00.643,56.625,,,STOPPED,0.0000,0.0000,False
2026-05-21T20:12:00.843,56.825,,,STOPPED,0.0000,0.0000,False
2026-05-21T20:12:01.043,57.025,,,STOPPED,0.0000,0.0000,False
2026-05-21T20:12:01.245,57.227,,,STOPPED,0.0000,0.0000,False
2026-05-21T20:12:01.443,57.425,,,STOPPED,0.0000,0.0000,False
2026-05-21T20:12:01.643,57.625,,,STOPPED,0.0000,0.0000,False
2026-05-21T20:12:01.844,57.826,,,STOPPED,0.0000,0.0000,False
2026-05-21T20:12:02.043,58.025,,,STOPPED,0.0000,0.0000,False
2026-05-21T20:12:02.243,58.225,,,STOPPED,0.0000,0.0000,False
2026-05-21T20:12:02.443,58.425,,,STOPPED,0.0000,0.0000,False
2026-05-21T20:12:02.643,58.625,GO,"[{""timestamp"": ""2026-05-21T20:12:02"", ""content"": ""GO"", ""bbox_area"": 10738.066668398678}]",DRIVING,0.0800,0.0000,True
2026-05-21T20:12:02.843,58.825,,"[{""timestamp"": ""2026-05-21T20:12:02"", ""content"": ""GO"", ""bbox_area"": 10656.797991394997}]",DRIVING,0.0800,0.0000,False
2026-05-21T20:12:03.043,59.025,,,DRIVING,0.0800,0.0000,False
2026-05-21T20:12:03.243,59.225,,,DRIVING,0.0800,0.0000,False
2026-05-21T20:12:03.443,59.425,,,DRIVING,0.0800,0.0000,False
2026-05-21T20:12:03.643,59.625,,,DRIVING,0.0800,0.0000,False
2026-05-21T20:12:03.843,59.825,,,DRIVING,0.0800,0.0000,False
2026-05-21T20:12:04.043,60.025,,,DRIVING,0.0800,0.0000,False
2026-05-21T20:12:04.243,60.225,,,DRIVING,0.0800,0.0000,False
2026-05-21T20:12:04.443,60.425,,,DRIVING,0.0800,0.0000,False
2026-05-21T20:12:04.644,60.626,,,DRIVING,0.0800,0.0000,False
2026-05-21T20:12:04.843,60.825,,,DRIVING,0.0800,0.0000,False
2026-05-21T20:12:05.043,61.025,,,DRIVING,0.0800,0.0000,False
2026-05-21T20:12:05.243,61.225,,,DRIVING,0.0800,0.0000,False
2026-05-21T20:12:05.443,61.425,,,DRIVING,0.0800,0.0000,False
2026-05-21T20:12:05.643,61.625,,,RECOVERING,0.0800,0.0000,False
2026-05-21T20:12:05.843,61.825,,,RECOVERING,0.0800,0.0000,False
2026-05-21T20:12:06.043,62.025,,,RECOVERING,0.0800,0.0000,False
2026-05-21T20:12:06.243,62.225,,,RECOVERING,0.0800,0.0000,False
2026-05-21T20:12:06.443,62.425,,,RECOVERING,0.0800,0.0000,False
2026-05-21T20:12:06.643,62.625,,,RECOVERING,0.0800,0.0000,False
2026-05-21T20:12:06.843,62.825,,,RECOVERING,0.0800,0.0000,False
2026-05-21T20:12:07.043,63.025,,,RECOVERING,0.0800,0.0000,False
2026-05-21T20:12:07.243,63.225,,,RECOVERING,0.0800,0.0000,False
2026-05-21T20:12:07.443,63.425,,,RECOVERING,0.0800,0.0000,False
2026-05-21T20:12:07.643,63.625,,,RECOVERING,0.0800,0.0000,False
2026-05-21T20:12:07.843,63.825,TURN_LEFT,"[{""timestamp"": ""2026-05-21T20:12:07"", ""content"": ""TURN_LEFT"", ""bbox_area"": 16937.275995341828}]",TURNING,0.0000,0.4000,True
2026-05-21T20:12:08.043,64.025,,,TURNING,0.0000,0.4000,False
2026-05-21T20:12:08.243,64.225,,"[{""timestamp"": ""2026-05-21T20:12:08"", ""content"": ""TURN_LEFT"", ""bbox_area"": 12950.866680851206}]",TURNING,0.0000,0.4000,False
2026-05-21T20:12:08.443,64.425,,,TURNING,0.0000,0.4000,False
2026-05-21T20:12:08.643,64.625,,,TURNING,0.0000,0.4000,False
2026-05-21T20:12:08.843,64.825,,,TURNING,0.0000,0.4000,False
2026-05-21T20:12:09.043,65.025,,,TURNING,0.0000,0.4000,False
2026-05-21T20:12:09.243,65.225,,,TURNING,0.0000,0.4000,False
2026-05-21T20:12:09.443,65.425,,,TURNING,0.0000,0.4000,False
2026-05-21T20:12:09.643,65.625,,,TURNING,0.0000,0.4000,False
2026-05-21T20:12:09.843,65.825,,,TURNING,0.0000,0.4000,False
2026-05-21T20:12:10.044,66.026,,,TURNING,0.0000,0.4000,False
2026-05-21T20:12:10.243,66.225,,,TURNING,0.0000,0.4000,False
2026-05-21T20:12:10.443,66.425,,,TURNING,0.0000,0.4000,False
2026-05-21T20:12:10.643,66.625,,,TURNING,0.0000,0.4000,False
2026-05-21T20:12:10.843,66.825,,,TURNING,0.0000,0.4000,False
2026-05-21T20:12:11.043,67.025,,,TURNING,0.0000,0.4000,False
2026-05-21T20:12:11.243,67.225,,,TURNING,0.0000,0.4000,False
2026-05-21T20:12:11.443,67.425,,,TURNING,0.0000,0.4000,False
2026-05-21T20:12:11.643,67.625,,,TURNING,0.0000,0.4000,False
2026-05-21T20:12:11.843,67.825,,,DRIVING,0.0800,0.0000,False
2026-05-21T20:12:12.043,68.025,,,RECOVERING,0.0800,0.0000,False
2026-05-21T20:12:12.243,68.225,,,RECOVERING,0.0800,0.0000,False
2026-05-21T20:12:12.444,68.426,,,RECOVERING,0.0800,0.0000,False
2026-05-21T20:12:12.643,68.625,,,RECOVERING,0.0800,0.0000,False
2026-05-21T20:12:12.843,68.825,,,RECOVERING,0.0800,0.0000,False
2026-05-21T20:12:13.043,69.025,,,RECOVERING,0.0800,0.0000,False
2026-05-21T20:12:13.243,69.225,,,RECOVERING,0.0800,0.0000,False
2026-05-21T20:12:13.443,69.425,,,RECOVERING,0.0800,0.0000,False
2026-05-21T20:12:13.643,69.625,,,RECOVERING,0.0800,0.0000,False
2026-05-21T20:12:13.843,69.825,,,RECOVERING,0.0800,0.0000,False
2026-05-21T20:12:14.043,70.025,,,RECOVERING,0.0800,0.0000,False
2026-05-21T20:12:14.243,70.225,,,RECOVERING,0.0800,0.0000,False
2026-05-21T20:12:14.443,70.425,,,RECOVERING,0.0800,0.0000,False
2026-05-21T20:12:14.643,70.625,,,RECOVERING,0.0800,0.0000,False
2026-05-21T20:12:14.843,70.825,,,RECOVERING,0.0800,0.0000,False
2026-05-21T20:12:15.043,71.025,,,RECOVERING,0.0800,0.0000,False
2026-05-21T20:12:15.244,71.226,,,RECOVERING,0.0800,0.0000,False
2026-05-21T20:12:15.443,71.425,,,RECOVERING,0.0800,0.0000,False
2026-05-21T20:12:15.643,71.625,,,RECOVERING,0.0800,0.0000,False
2026-05-21T20:12:15.843,71.825,,,RECOVERING,0.0800,0.0000,False
2026-05-21T20:12:16.043,72.025,TURN_RIGHT,"[{""timestamp"": ""2026-05-21T20:12:15"", ""content"": ""TURN_RIGHT"", ""bbox_area"": 23122.76255566301}]",TURNING,0.0000,-0.4000,True
2026-05-21T20:12:16.244,72.226,,"[{""timestamp"": ""2026-05-21T20:12:16"", ""content"": ""TURN_RIGHT"", ""bbox_area"": 21778.533796381904}]",TURNING,0.0000,-0.4000,False
2026-05-21T20:12:16.443,72.425,,"[{""timestamp"": ""2026-05-21T20:12:16"", ""content"": ""TURN_RIGHT"", ""bbox_area"": 23816.117945453152}]",TURNING,0.0000,-0.4000,False
2026-05-21T20:12:16.643,72.625,,,TURNING,0.0000,-0.4000,False
2026-05-21T20:12:16.843,72.825,,,TURNING,0.0000,-0.4000,False
2026-05-21T20:12:17.043,73.025,,,TURNING,0.0000,-0.4000,False
2026-05-21T20:12:17.243,73.225,,,TURNING,0.0000,-0.4000,False
2026-05-21T20:12:17.443,73.425,,,TURNING,0.0000,-0.4000,False
2026-05-21T20:12:17.643,73.625,,,TURNING,0.0000,-0.4000,False
2026-05-21T20:12:17.844,73.826,,,TURNING,0.0000,-0.4000,False
2026-05-21T20:12:18.043,74.025,,,TURNING,0.0000,-0.4000,False
2026-05-21T20:12:18.243,74.225,,,TURNING,0.0000,-0.4000,False
2026-05-21T20:12:18.443,74.425,,,TURNING,0.0000,-0.4000,False
2026-05-21T20:12:18.643,74.625,,,TURNING,0.0000,-0.4000,False
2026-05-21T20:12:18.843,74.825,,,TURNING,0.0000,-0.4000,False
2026-05-21T20:12:19.043,75.025,,,TURNING,0.0000,-0.4000,False
2026-05-21T20:12:19.243,75.225,,,TURNING,0.0000,-0.4000,False
2026-05-21T20:12:19.443,75.425,,,TURNING,0.0000,-0.4000,False
2026-05-21T20:12:19.643,75.625,,,TURNING,0.0000,-0.4000,False
2026-05-21T20:12:19.843,75.825,,,TURNING,0.0000,-0.4000,False
2026-05-21T20:12:20.043,76.025,,,RECOVERING,0.0800,0.0000,False
2026-05-21T20:12:20.243,76.225,,,RECOVERING,0.0800,0.0000,False
2026-05-21T20:12:20.443,76.425,,,RECOVERING,0.0800,0.0000,False
2026-05-21T20:12:20.643,76.625,,,RECOVERING,0.0800,0.0000,False
2026-05-21T20:12:20.843,76.825,,,RECOVERING,0.0800,0.0000,False
2026-05-21T20:12:21.043,77.025,,,RECOVERING,0.0800,0.0000,False
2026-05-21T20:12:21.243,77.225,,,RECOVERING,0.0800,0.0000,False
2026-05-21T20:12:21.443,77.425,,,RECOVERING,0.0800,0.0000,False
2026-05-21T20:12:21.643,77.625,,,RECOVERING,0.0800,0.0000,False
2026-05-21T20:12:21.843,77.825,,,RECOVERING,0.0800,0.0000,False
2026-05-21T20:12:22.043,78.025,,,RECOVERING,0.0800,0.0000,False
2026-05-21T20:12:22.243,78.225,,,RECOVERING,0.0800,0.0000,False
2026-05-21T20:12:22.443,78.425,U_TURN,"[{""timestamp"": ""2026-05-21T20:12:22"", ""content"": ""U_TURN"", ""bbox_area"": 16939.645242962753}]",TURNING,0.0800,0.0000,True
2026-05-21T20:12:22.643,78.625,,,TURNING,0.0000,0.4000,False
2026-05-21T20:12:22.843,78.825,,"[{""timestamp"": ""2026-05-21T20:12:22"", ""content"": ""U_TURN"", ""bbox_area"": 17035.57604433596}]",TURNING,0.0000,0.4000,False
2026-05-21T20:12:23.043,79.025,,"[{""timestamp"": ""2026-05-21T20:12:22"", ""content"": ""U_TURN"", ""bbox_area"": 15836.611894557718}]",TURNING,0.0000,0.4000,False
2026-05-21T20:12:23.243,79.225,,,TURNING,0.0000,0.4000,False
2026-05-21T20:12:23.443,79.425,,,TURNING,0.0000,0.4000,False
2026-05-21T20:12:23.643,79.625,,,TURNING,0.0000,0.4000,False
2026-05-21T20:12:23.843,79.825,,,TURNING,0.0000,0.4000,False
2026-05-21T20:12:24.043,80.025,,,TURNING,0.0000,0.4000,False
2026-05-21T20:12:24.243,80.225,,,TURNING,0.0000,0.4000,False
2026-05-21T20:12:24.443,80.425,,,TURNING,0.0000,0.4000,False
2026-05-21T20:12:24.643,80.625,,,TURNING,0.0000,0.4000,False
2026-05-21T20:12:24.843,80.825,,,TURNING,0.0000,0.4000,False
2026-05-21T20:12:25.043,81.025,,,TURNING,0.0000,0.4000,False
2026-05-21T20:12:25.243,81.225,,,TURNING,0.0000,0.4000,False
2026-05-21T20:12:25.443,81.425,,,TURNING,0.0000,0.4000,False
2026-05-21T20:12:25.643,81.625,,,TURNING,0.0000,0.4000,False
2026-05-21T20:12:25.843,81.825,,,TURNING,0.0000,0.4000,False
2026-05-21T20:12:26.043,82.025,,,TURNING,0.0000,0.4000,False
2026-05-21T20:12:26.243,82.225,,,TURNING,0.0000,0.4000,False
2026-05-21T20:12:26.443,82.425,,,TURNING,0.0000,0.4000,False
2026-05-21T20:12:26.643,82.625,,,TURNING,0.0000,0.4000,False
2026-05-21T20:12:26.843,82.825,,,TURNING,0.0000,0.4000,False
2026-05-21T20:12:27.043,83.025,,,TURNING,0.0000,0.4000,False
2026-05-21T20:12:27.243,83.225,,,TURNING,0.0000,0.4000,False
2026-05-21T20:12:27.443,83.425,,,TURNING,0.0000,0.4000,False
2026-05-21T20:12:27.643,83.625,,,TURNING,0.0000,0.4000,False
2026-05-21T20:12:27.843,83.825,,,TURNING,0.0000,0.4000,False
2026-05-21T20:12:28.043,84.025,,,TURNING,0.0000,0.4000,False
2026-05-21T20:12:28.243,84.225,,,TURNING,0.0000,0.4000,False
2026-05-21T20:12:28.443,84.425,,,TURNING,0.0000,0.4000,False
2026-05-21T20:12:28.643,84.625,,,TURNING,0.0000,0.4000,False
2026-05-21T20:12:28.843,84.825,,,TURNING,0.0000,0.4000,False
2026-05-21T20:12:29.043,85.025,,,TURNING,0.0000,0.4000,False
2026-05-21T20:12:29.243,85.225,,,TURNING,0.0000,0.4000,False
2026-05-21T20:12:29.443,85.425,,,TURNING,0.0000,0.4000,False
2026-05-21T20:12:29.643,85.625,,,TURNING,0.0000,0.4000,False
2026-05-21T20:12:29.843,85.825,,,TURNING,0.0000,0.4000,False
2026-05-21T20:12:30.043,86.025,,,TURNING,0.0000,0.4000,False
2026-05-21T20:12:30.243,86.225,,,TURNING,0.0000,0.4000,False
2026-05-21T20:12:30.443,86.425,,,TURNING,0.0000,0.4000,False
2026-05-21T20:12:30.643,86.625,,,RECOVERING,0.0800,0.0000,False
2026-05-21T20:12:30.843,86.825,,,RECOVERING,0.0800,0.0000,False
2026-05-21T20:12:31.043,87.025,,,RECOVERING,0.0800,0.0000,False
2026-05-21T20:12:31.243,87.225,,,RECOVERING,0.0800,0.0000,False
2026-05-21T20:12:31.443,87.425,,,RECOVERING,0.0800,0.0000,False
2026-05-21T20:12:31.643,87.625,,,RECOVERING,0.0800,0.0000,False
2026-05-21T20:12:31.843,87.825,,,RECOVERING,0.0800,0.0000,False
2026-05-21T20:12:32.043,88.025,,,RECOVERING,0.0800,0.0000,False
2026-05-21T20:12:32.243,88.225,,,RECOVERING,0.0800,0.0000,False
2026-05-21T20:12:32.443,88.425,,,RECOVERING,0.0800,0.0000,False
2026-05-21T20:12:32.643,88.625,,,RECOVERING,0.0800,0.0000,False
2026-05-21T20:12:32.843,88.825,,,RECOVERING,0.0800,0.0000,False
2026-05-21T20:12:33.043,89.025,,,RECOVERING,0.0800,0.0000,False
2026-05-21T20:12:33.243,89.225,,,RECOVERING,0.0800,0.0000,False
2026-05-21T20:12:33.443,89.425,,,RECOVERING,0.0800,0.0000,False
2026-05-21T20:12:33.643,89.625,,,RECOVERING,0.0800,0.0000,False
2026-05-21T20:12:33.843,89.825,,,RECOVERING,0.0800,0.0000,False
2026-05-21T20:12:34.043,90.025,,,RECOVERING,0.0800,0.0000,False
2026-05-21T20:12:34.244,90.226,SPEED_UP,"[{""timestamp"": ""2026-05-21T20:12:34"", ""content"": ""SPEED_UP"", ""bbox_area"": 6654.371911953203}]",DRIVING,0.1300,0.0000,True
2026-05-21T20:12:34.443,90.425,,,DRIVING,0.1300,0.0000,False
2026-05-21T20:12:34.643,90.625,,"[{""timestamp"": ""2026-05-21T20:12:34"", ""content"": ""SPEED_UP"", ""bbox_area"": 6110.720452785492}]",DRIVING,0.1300,0.0000,False
2026-05-21T20:12:34.843,90.825,,,DRIVING,0.1300,0.0000,False
2026-05-21T20:12:35.043,91.025,,,DRIVING,0.1300,0.0000,False
2026-05-21T20:12:35.243,91.225,,,DRIVING,0.1300,0.0000,False
2026-05-21T20:12:35.443,91.425,,,DRIVING,0.1300,0.0000,False
2026-05-21T20:12:35.643,91.625,,,DRIVING,0.1300,0.0000,False
2026-05-21T20:12:35.843,91.825,,,DRIVING,0.1300,0.0000,False
2026-05-21T20:12:36.043,92.025,,,DRIVING,0.1300,0.0000,False
2026-05-21T20:12:36.243,92.225,,,DRIVING,0.1300,0.0000,False
2026-05-21T20:12:36.443,92.425,,,DRIVING,0.1300,0.0000,False
2026-05-21T20:12:36.643,92.625,,,DRIVING,0.1300,0.0000,False
2026-05-21T20:12:36.843,92.825,,,DRIVING,0.1300,0.0000,False
2026-05-21T20:12:37.043,93.025,,,DRIVING,0.1300,0.0000,False
2026-05-21T20:12:37.243,93.225,,,RECOVERING,0.1300,0.0000,False
2026-05-21T20:12:37.443,93.425,,,RECOVERING,0.1300,0.0000,False
2026-05-21T20:12:37.643,93.625,,,RECOVERING,0.1300,0.0000,False
2026-05-21T20:12:37.843,93.825,,,RECOVERING,0.1300,0.0000,False
2026-05-21T20:12:38.043,94.025,,,RECOVERING,0.1300,0.0000,False
2026-05-21T20:12:38.243,94.225,,,RECOVERING,0.1300,0.0000,False
2026-05-21T20:12:38.443,94.425,,,RECOVERING,0.1300,0.0000,False
2026-05-21T20:12:38.643,94.625,,,RECOVERING,0.1300,0.0000,False
2026-05-21T20:12:38.843,94.825,,,RECOVERING,0.1300,0.0000,False
2026-05-21T20:12:39.043,95.025,,,RECOVERING,0.1300,0.0000,False
2026-05-21T20:12:39.243,95.225,,,RECOVERING,0.1300,0.0000,False
2026-05-21T20:12:39.443,95.425,,,RECOVERING,0.1300,0.0000,False
2026-05-21T20:12:39.643,95.625,,,RECOVERING,0.1300,0.0000,False
2026-05-21T20:12:39.843,95.825,,,RECOVERING,0.1300,0.0000,False
2026-05-21T20:12:40.043,96.025,,,RECOVERING,0.1300,0.0000,False
2026-05-21T20:12:40.243,96.225,,,RECOVERING,0.1300,0.0000,False
2026-05-21T20:12:40.443,96.425,,,RECOVERING,0.1300,0.0000,False
2026-05-21T20:12:40.643,96.625,,,RECOVERING,0.1300,0.0000,False
2026-05-21T20:12:40.843,96.825,,,RECOVERING,0.1300,0.0000,False
2026-05-21T20:12:41.043,97.025,,,RECOVERING,0.1300,0.0000,False
2026-05-21T20:12:41.244,97.226,,,RECOVERING,0.1300,0.0000,False
2026-05-21T20:12:41.443,97.425,,,RECOVERING,0.1300,0.0000,False
2026-05-21T20:12:41.643,97.625,,,RECOVERING,0.1300,0.0000,False
2026-05-21T20:12:41.843,97.825,SPEED_DOWN,"[{""timestamp"": ""2026-05-21T20:12:41"", ""content"": ""SPEED_DOWN"", ""bbox_area"": 11561.345008850098}]",DRIVING,0.1300,0.0000,True
2026-05-21T20:12:42.043,98.025,,,DRIVING,0.0800,0.0000,False
2026-05-21T20:12:42.243,98.225,,"[{""timestamp"": ""2026-05-21T20:12:41"", ""content"": ""SPEED_DOWN"", ""bbox_area"": 14634.836334228516}]",DRIVING,0.0800,0.0000,False
2026-05-21T20:12:42.443,98.425,,"[{""timestamp"": ""2026-05-21T20:12:42"", ""content"": ""SPEED_DOWN"", ""bbox_area"": 14602.831499831751}]",DRIVING,0.0800,0.0000,False
2026-05-21T20:12:42.643,98.625,,,DRIVING,0.0800,0.0000,False
2026-05-21T20:12:42.843,98.825,,,DRIVING,0.0800,0.0000,False
2026-05-21T20:12:43.043,99.025,,,DRIVING,0.0800,0.0000,False
2026-05-21T20:12:43.243,99.225,,,DRIVING,0.0800,0.0000,False
2026-05-21T20:12:43.444,99.426,,,DRIVING,0.0800,0.0000,False
2026-05-21T20:12:43.643,99.625,,,DRIVING,0.0800,0.0000,False
2026-05-21T20:12:43.843,99.825,,,DRIVING,0.0800,0.0000,False
2026-05-21T20:12:44.043,100.025,,,DRIVING,0.0800,0.0000,False
2026-05-21T20:12:44.243,100.225,,,DRIVING,0.0800,0.0000,False
2026-05-21T20:12:44.443,100.425,,,DRIVING,0.0800,0.0000,False
2026-05-21T20:12:44.643,100.625,,,DRIVING,0.0800,0.0000,False
2026-05-21T20:12:44.843,100.825,,,DRIVING,0.0800,0.0000,False
2026-05-21T20:12:45.043,101.025,,,RECOVERING,0.0800,0.0000,False
2026-05-21T20:12:45.243,101.225,,,RECOVERING,0.0800,0.0000,False
2026-05-21T20:12:45.443,101.425,,,RECOVERING,0.0800,0.0000,False
2026-05-21T20:12:45.644,101.626,,,RECOVERING,0.0800,0.0000,False
2026-05-21T20:12:45.843,101.825,,,RECOVERING,0.0800,0.0000,False
2026-05-21T20:12:46.043,102.025,,,RECOVERING,0.0800,0.0000,False
2026-05-21T20:12:46.243,102.225,,,RECOVERING,0.0800,0.0000,False
2026-05-21T20:12:46.443,102.425,,,RECOVERING,0.0800,0.0000,False
2026-05-21T20:12:46.643,102.625,,,RECOVERING,0.0800,0.0000,False
2026-05-21T20:12:46.843,102.825,,,RECOVERING,0.0800,0.0000,False
2026-05-21T20:12:47.043,103.025,,,RECOVERING,0.0800,0.0000,False
2026-05-21T20:12:47.243,103.225,,,RECOVERING,0.0800,0.0000,False
2026-05-21T20:12:47.443,103.425,STOP,"[{""timestamp"": ""2026-05-21T20:12:47"", ""content"": ""STOP"", ""bbox_area"": 17402.93441772461}]",STOPPED,0.0000,0.0000,True
2026-05-21T20:12:47.644,103.626,,"[{""timestamp"": ""2026-05-21T20:12:47"", ""content"": ""STOP"", ""bbox_area"": 21962.71531677246}]",STOPPED,0.0000,0.0000,False
2026-05-21T20:12:47.843,103.825,,,STOPPED,0.0000,0.0000,False
2026-05-21T20:12:48.043,104.025,,,STOPPED,0.0000,0.0000,False
2026-05-21T20:12:48.243,104.225,,,STOPPED,0.0000,0.0000,False
2026-05-21T20:12:48.443,104.425,,,STOPPED,0.0000,0.0000,False
2026-05-21T20:12:48.643,104.625,,,STOPPED,0.0000,0.0000,False
2026-05-21T20:12:48.843,104.825,,,STOPPED,0.0000,0.0000,False
2026-05-21T20:12:49.043,105.025,,,STOPPED,0.0000,0.0000,False
2026-05-21T20:12:49.243,105.225,,,STOPPED,0.0000,0.0000,False
2026-05-21T20:12:49.443,105.425,,,STOPPED,0.0000,0.0000,False
2026-05-21T20:12:49.643,105.625,,,STOPPED,0.0000,0.0000,False
2026-05-21T20:12:49.843,105.825,,,STOPPED,0.0000,0.0000,False
2026-05-21T20:12:50.043,106.025,,,STOPPED,0.0000,0.0000,False
2026-05-21T20:12:50.243,106.225,,,STOPPED,0.0000,0.0000,False
2026-05-21T20:12:50.443,106.425,,,STOPPED,0.0000,0.0000,False
2026-05-21T20:12:50.643,106.625,,,STOPPED,0.0000,0.0000,False
2026-05-21T20:12:50.843,106.825,,,STOPPED,0.0000,0.0000,False
2026-05-21T20:12:51.043,107.025,,,STOPPED,0.0000,0.0000,False
2026-05-21T20:12:51.243,107.225,,,STOPPED,0.0000,0.0000,False
2026-05-21T20:12:51.443,107.425,,,STOPPED,0.0000,0.0000,False
2026-05-21T20:12:51.643,107.625,,,STOPPED,0.0000,0.0000,False
2026-05-21T20:12:51.843,107.825,,,STOPPED,0.0000,0.0000,False
2026-05-21T20:12:52.043,108.025,,,STOPPED,0.0000,0.0000,False
2026-05-21T20:12:52.243,108.225,,,STOPPED,0.0000,0.0000,False
2026-05-21T20:12:52.443,108.425,,,STOPPED,0.0000,0.0000,False
2026-05-21T20:12:52.643,108.625,,,STOPPED,0.0000,0.0000,False
2026-05-21T20:12:52.843,108.825,,,STOPPED,0.0000,0.0000,False
2026-05-21T20:12:53.043,109.025,,,STOPPED,0.0000,0.0000,False
2026-05-21T20:12:53.243,109.225,,,STOPPED,0.0000,0.0000,False
2026-05-21T20:12:53.443,109.425,,,STOPPED,0.0000,0.0000,False
2026-05-21T20:12:53.643,109.625,,,STOPPED,0.0000,0.0000,False
2026-05-21T20:12:53.843,109.825,,,STOPPED,0.0000,0.0000,False
2026-05-21T20:12:54.043,110.025,,,STOPPED,0.0000,0.0000,False
2026-05-21T20:12:54.243,110.225,,,STOPPED,0.0000,0.0000,False
2026-05-21T20:12:54.443,110.425,,,STOPPED,0.0000,0.0000,False
2026-05-21T20:12:54.643,110.625,,,STOPPED,0.0000,0.0000,False
2026-05-21T20:12:54.843,110.825,,,STOPPED,0.0000,0.0000,False
2026-05-21T20:12:55.043,111.025,,,STOPPED,0.0000,0.0000,False
2026-05-21T20:12:55.243,111.225,,,STOPPED,0.0000,0.0000,False
2026-05-21T20:12:55.443,111.425,,,STOPPED,0.0000,0.0000,False
2026-05-21T20:12:55.643,111.625,,,STOPPED,0.0000,0.0000,False
2026-05-21T20:12:55.843,111.825,,,STOPPED,0.0000,0.0000,False
2026-05-21T20:12:56.043,112.025,,,STOPPED,0.0000,0.0000,False
2026-05-21T20:12:56.243,112.225,,,STOPPED,0.0000,0.0000,False
2026-05-21T20:12:56.443,112.425,,,STOPPED,0.0000,0.0000,False
2026-05-21T20:12:56.643,112.625,,,STOPPED,0.0000,0.0000,False
2026-05-21T20:12:56.843,112.825,,,STOPPED,0.0000,0.0000,False
2026-05-21T20:12:57.043,113.025,,,STOPPED,0.0000,0.0000,False
2026-05-21T20:12:57.243,113.225,,,STOPPED,0.0000,0.0000,False
2026-05-21T20:12:57.443,113.425,,,STOPPED,0.0000,0.0000,False
2026-05-21T20:12:57.643,113.625,,,STOPPED,0.0000,0.0000,False
2026-05-21T20:12:57.843,113.825,,,STOPPED,0.0000,0.0000,False
2026-05-21T20:12:58.043,114.025,,,STOPPED,0.0000,0.0000,False
2026-05-21T20:12:58.243,114.225,,,STOPPED,0.0000,0.0000,False
2026-05-21T20:12:58.443,114.425,,,STOPPED,0.0000,0.0000,False
2026-05-21T20:12:58.643,114.625,,,STOPPED,0.0000,0.0000,False
2026-05-21T20:12:58.843,114.825,,,STOPPED,0.0000,0.0000,False
2026-05-21T20:12:59.043,115.025,,,STOPPED,0.0000,0.0000,False
2026-05-21T20:12:59.243,115.225,,,STOPPED,0.0000,0.0000,False
2026-05-21T20:12:59.443,115.425,,,STOPPED,0.0000,0.0000,False
2026-05-21T20:12:59.643,115.625,,,STOPPED,0.0000,0.0000,False
2026-05-21T20:12:59.843,115.825,,,STOPPED,0.0000,0.0000,False
2026-05-21T20:13:00.043,116.025,,,STOPPED,0.0000,0.0000,False
2026-05-21T20:13:00.243,116.225,,,STOPPED,0.0000,0.0000,False
2026-05-21T20:13:00.443,116.425,,,STOPPED,0.0000,0.0000,False
2026-05-21T20:13:00.643,116.625,,,STOPPED,0.0000,0.0000,False
2026-05-21T20:13:00.844,116.826,,,STOPPED,0.0000,0.0000,False
2026-05-21T20:13:01.043,117.025,,,STOPPED,0.0000,0.0000,False
2026-05-21T20:13:01.243,117.225,,,STOPPED,0.0000,0.0000,False
2026-05-21T20:13:01.443,117.425,,,STOPPED,0.0000,0.0000,False
2026-05-21T20:13:01.643,117.625,,,STOPPED,0.0000,0.0000,False
2026-05-21T20:13:01.843,117.825,,,STOPPED,0.0000,0.0000,False
2026-05-21T20:13:02.043,118.025,,,STOPPED,0.0000,0.0000,False
2026-05-21T20:13:02.243,118.225,,,STOPPED,0.0000,0.0000,False
2026-05-21T20:13:02.443,118.425,,,STOPPED,0.0000,0.0000,False
2026-05-21T20:13:02.643,118.625,,,STOPPED,0.0000,0.0000,False
2026-05-21T20:13:02.843,118.825,,,STOPPED,0.0000,0.0000,False
2026-05-21T20:13:03.043,119.025,,,STOPPED,0.0000,0.0000,False
2026-05-21T20:13:03.243,119.225,,,STOPPED,0.0000,0.0000,False
2026-05-21T20:13:03.443,119.425,,,STOPPED,0.0000,0.0000,False
2026-05-21T20:13:03.643,119.625,,,STOPPED,0.0000,0.0000,False
2026-05-21T20:13:03.843,119.825,,,STOPPED,0.0000,0.0000,False
2026-05-21T20:13:04.043,120.025,,,STOPPED,0.0000,0.0000,False
2026-05-21T20:13:04.243,120.225,,,STOPPED,0.0000,0.0000,False
2026-05-21T20:13:04.443,120.425,,,STOPPED,0.0000,0.0000,False
2026-05-21T20:13:04.643,120.625,,,STOPPED,0.0000,0.0000,False
2026-05-21T20:13:04.843,120.825,,,STOPPED,0.0000,0.0000,False
2026-05-21T20:13:05.043,121.025,,,STOPPED,0.0000,0.0000,False
2026-05-21T20:13:05.243,121.225,,,STOPPED,0.0000,0.0000,False
2026-05-21T20:13:05.443,121.425,,,STOPPED,0.0000,0.0000,False
2026-05-21T20:13:05.643,121.625,,,STOPPED,0.0000,0.0000,False
2026-05-21T20:13:05.843,121.825,,,STOPPED,0.0000,0.0000,False
2026-05-21T20:13:06.043,122.025,,,STOPPED,0.0000,0.0000,False
2026-05-21T20:13:06.243,122.225,,,STOPPED,0.0000,0.0000,False
2026-05-21T20:13:06.443,122.425,,,STOPPED,0.0000,0.0000,False
2026-05-21T20:13:06.643,122.625,,,STOPPED,0.0000,0.0000,False
2026-05-21T20:13:06.843,122.825,,,STOPPED,0.0000,0.0000,False
2026-05-21T20:13:07.043,123.025,,,STOPPED,0.0000,0.0000,False
2026-05-21T20:13:07.243,123.225,,,STOPPED,0.0000,0.0000,False
2026-05-21T20:13:07.443,123.425,,,STOPPED,0.0000,0.0000,False
2026-05-21T20:13:07.643,123.625,,,STOPPED,0.0000,0.0000,False
2026-05-21T20:13:07.843,123.825,,,STOPPED,0.0000,0.0000,False
2026-05-21T20:13:08.043,124.025,,,STOPPED,0.0000,0.0000,False
2026-05-21T20:13:08.243,124.225,,,STOPPED,0.0000,0.0000,False
2026-05-21T20:13:08.443,124.425,,,STOPPED,0.0000,0.0000,False
2026-05-21T20:13:08.643,124.625,,,STOPPED,0.0000,0.0000,False
2026-05-21T20:13:08.843,124.825,,,STOPPED,0.0000,0.0000,False
2026-05-21T20:13:09.043,125.025,,,STOPPED,0.0000,0.0000,False
2026-05-21T20:13:09.243,125.225,,,STOPPED,0.0000,0.0000,False
2026-05-21T20:13:09.443,125.425,,,STOPPED,0.0000,0.0000,False
2026-05-21T20:13:09.643,125.625,,,STOPPED,0.0000,0.0000,False
2026-05-21T20:13:09.843,125.825,,,STOPPED,0.0000,0.0000,False
2026-05-21T20:13:10.043,126.025,,,STOPPED,0.0000,0.0000,False
2026-05-21T20:13:10.243,126.225,,,STOPPED,0.0000,0.0000,False
2026-05-21T20:13:10.443,126.425,,,STOPPED,0.0000,0.0000,False
2026-05-21T20:13:10.643,126.625,,,STOPPED,0.0000,0.0000,False
2026-05-21T20:13:10.843,126.825,,,STOPPED,0.0000,0.0000,False
2026-05-21T20:13:11.043,127.025,,,STOPPED,0.0000,0.0000,False
2026-05-21T20:13:11.243,127.225,,,STOPPED,0.0000,0.0000,False
2026-05-21T20:13:11.443,127.425,,,STOPPED,0.0000,0.0000,False
2026-05-21T20:13:11.643,127.625,,,STOPPED,0.0000,0.0000,False
2026-05-21T20:13:11.843,127.825,,,STOPPED,0.0000,0.0000,False
2026-05-21T20:13:12.043,128.025,,,STOPPED,0.0000,0.0000,False
2026-05-21T20:13:12.243,128.225,,,STOPPED,0.0000,0.0000,False
2026-05-21T20:13:12.443,128.425,,,STOPPED,0.0000,0.0000,False
2026-05-21T20:13:12.643,128.625,,,STOPPED,0.0000,0.0000,False
2026-05-21T20:13:12.843,128.825,,,STOPPED,0.0000,0.0000,False
2026-05-21T20:13:13.043,129.025,,,STOPPED,0.0000,0.0000,False
2026-05-21T20:13:13.243,129.225,,,STOPPED,0.0000,0.0000,False
2026-05-21T20:13:13.443,129.425,,,STOPPED,0.0000,0.0000,False
2026-05-21T20:13:13.643,129.625,,,STOPPED,0.0000,0.0000,False
2026-05-21T20:13:13.843,129.825,,,STOPPED,0.0000,0.0000,False
2026-05-21T20:13:14.043,130.025,,,STOPPED,0.0000,0.0000,False
2026-05-21T20:13:14.243,130.225,,,STOPPED,0.0000,0.0000,False
2026-05-21T20:13:14.443,130.425,,,STOPPED,0.0000,0.0000,False
2026-05-21T20:13:14.643,130.625,GO,"[{""timestamp"": ""2026-05-21T20:13:14"", ""content"": ""GO"", ""bbox_area"": 5664.612579345703}]",DRIVING,0.0800,0.0000,True
2026-05-21T20:13:14.843,130.825,,"[{""timestamp"": ""2026-05-21T20:13:14"", ""content"": ""GO"", ""bbox_area"": 5741.542465786217}]",DRIVING,0.0800,0.0000,False
2026-05-21T20:13:15.043,131.025,,,DRIVING,0.0800,0.0000,False
2026-05-21T20:13:15.243,131.225,,,DRIVING,0.0800,0.0000,False
2026-05-21T20:13:15.443,131.425,,,DRIVING,0.0800,0.0000,False
2026-05-21T20:13:15.643,131.625,,,DRIVING,0.0800,0.0000,False
2026-05-21T20:13:15.843,131.825,,,DRIVING,0.0800,0.0000,False
2026-05-21T20:13:16.043,132.025,,,DRIVING,0.0800,0.0000,False
2026-05-21T20:13:16.243,132.225,,,DRIVING,0.0800,0.0000,False
2026-05-21T20:13:16.443,132.425,,,DRIVING,0.0800,0.0000,False
2026-05-21T20:13:16.643,132.625,,,DRIVING,0.0800,0.0000,False
2026-05-21T20:13:16.843,132.825,,,DRIVING,0.0800,0.0000,False
2026-05-21T20:13:17.043,133.025,,,DRIVING,0.0800,0.0000,False
2026-05-21T20:13:17.243,133.225,,,DRIVING,0.0800,0.0000,False
2026-05-21T20:13:17.443,133.425,,,DRIVING,0.0800,0.0000,False
2026-05-21T20:13:17.644,133.626,,,RECOVERING,0.0800,0.0000,False
2026-05-21T20:13:17.843,133.825,,,RECOVERING,0.0800,0.0000,False
2026-05-21T20:13:18.043,134.025,,,RECOVERING,0.0800,0.0000,False
2026-05-21T20:13:18.243,134.225,,,RECOVERING,0.0800,0.0000,False
2026-05-21T20:13:18.443,134.425,,,RECOVERING,0.0800,0.0000,False
2026-05-21T20:13:18.643,134.625,,,RECOVERING,0.0800,0.0000,False
2026-05-21T20:13:18.843,134.825,,,RECOVERING,0.0800,0.0000,False
2026-05-21T20:13:19.043,135.025,,,RECOVERING,0.0800,0.0000,False
2026-05-21T20:13:19.243,135.225,,,RECOVERING,0.0800,0.0000,False
2026-05-21T20:13:19.443,135.425,,,RECOVERING,0.0800,0.0000,False
2026-05-21T20:13:19.643,135.625,,,RECOVERING,0.0800,0.0000,False
2026-05-21T20:13:19.843,135.825,,,RECOVERING,0.0800,0.0000,False
2026-05-21T20:13:20.043,136.025,,,RECOVERING,0.0800,0.0000,False
2026-05-21T20:13:20.243,136.225,,,RECOVERING,0.0800,0.0000,False
2026-05-21T20:13:20.443,136.425,,,RECOVERING,0.0800,0.0000,False
2026-05-21T20:13:20.643,136.625,,,RECOVERING,0.0800,0.0000,False
2026-05-21T20:13:20.843,136.825,,,RECOVERING,0.0800,0.0000,False
2026-05-21T20:13:21.043,137.025,,,RECOVERING,0.0800,0.0000,False
2026-05-21T20:13:21.243,137.225,,,RECOVERING,0.0800,0.0000,False
2026-05-21T20:13:21.443,137.425,,,RECOVERING,0.0800,0.0000,False
2026-05-21T20:13:21.643,137.625,,,RECOVERING,0.0800,0.0000,False
2026-05-21T20:13:21.843,137.825,,,RECOVERING,0.0800,0.0000,False
2026-05-21T20:13:22.043,138.025,,,RECOVERING,0.0800,0.0000,False
2026-05-21T20:13:22.243,138.225,,,RECOVERING,0.0800,0.0000,False
2026-05-21T20:13:22.443,138.425,,,RECOVERING,0.0800,0.0000,False
2026-05-21T20:13:22.643,138.625,,,RECOVERING,0.0800,0.0000,False
2026-05-21T20:13:22.843,138.825,,,RECOVERING,0.0800,0.0000,False
2026-05-21T20:13:23.043,139.025,,,RECOVERING,0.0800,0.0000,False
2026-05-21T20:13:23.243,139.225,,,RECOVERING,0.0800,0.0000,False
2026-05-21T20:13:23.443,139.425,,,RECOVERING,0.0800,0.0000,False
2026-05-21T20:13:23.643,139.625,,,RECOVERING,0.0800,0.0000,False
2026-05-21T20:13:23.843,139.825,,,RECOVERING,0.0800,0.0000,False
2026-05-21T20:13:24.043,140.025,,,RECOVERING,0.0800,0.0000,False
2026-05-21T20:13:24.243,140.225,,,RECOVERING,0.0800,0.0000,False
2026-05-21T20:13:24.443,140.425,,,RECOVERING,0.0800,0.0000,False
2026-05-21T20:13:24.643,140.625,,,RECOVERING,0.0800,0.0000,False
2026-05-21T20:13:24.843,140.825,,,RECOVERING,0.0800,0.0000,False
2026-05-21T20:13:25.043,141.025,,,RECOVERING,0.0800,0.0000,False
2026-05-21T20:13:25.243,141.225,,,RECOVERING,0.0800,0.0000,False
2026-05-21T20:13:25.443,141.425,,,RECOVERING,0.0800,0.0000,False
2026-05-21T20:13:25.643,141.625,,,RECOVERING,0.0800,0.0000,False
2026-05-21T20:13:25.843,141.825,,,RECOVERING,0.0800,0.0000,False
2026-05-21T20:13:26.044,142.026,,,RECOVERING,0.0800,0.0000,False
2026-05-21T20:13:26.243,142.225,,,RECOVERING,0.0800,0.0000,False
2026-05-21T20:13:26.443,142.425,,,RECOVERING,0.0800,0.0000,False
2026-05-21T20:13:26.643,142.625,,,RECOVERING,0.0800,0.0000,False
2026-05-21T20:13:26.843,142.825,,,RECOVERING,0.0800,0.0000,False
2026-05-21T20:13:27.043,143.025,,,RECOVERING,0.0800,0.0000,False
2026-05-21T20:13:27.243,143.225,,,RECOVERING,0.0800,0.0000,False
2026-05-21T20:13:27.443,143.425,,,RECOVERING,0.0800,0.0000,False
2026-05-21T20:13:27.643,143.625,STOP,"[{""timestamp"": ""2026-05-21T20:13:27"", ""content"": ""STOP"", ""bbox_area"": 5550.0}]",STOPPED,0.0000,0.0000,True
2026-05-21T20:13:27.843,143.825,,"[{""timestamp"": ""2026-05-21T20:13:27"", ""content"": ""STOP"", ""bbox_area"": 12163.430315054953}]",STOPPED,0.0000,0.0000,False
2026-05-21T20:13:28.043,144.025,,"[{""timestamp"": ""2026-05-21T20:13:27"", ""content"": ""STOP"", ""bbox_area"": 12023.04571036552}]",STOPPED,0.0000,0.0000,False
2026-05-21T20:13:28.243,144.225,,,STOPPED,0.0000,0.0000,False
2026-05-21T20:13:28.443,144.425,,,STOPPED,0.0000,0.0000,False
2026-05-21T20:13:28.643,144.625,,,STOPPED,0.0000,0.0000,False
2026-05-21T20:13:28.843,144.825,,,STOPPED,0.0000,0.0000,False
2026-05-21T20:13:29.043,145.025,,,STOPPED,0.0000,0.0000,False
2026-05-21T20:13:29.243,145.225,,,STOPPED,0.0000,0.0000,False
2026-05-21T20:13:29.443,145.425,,,STOPPED,0.0000,0.0000,False
2026-05-21T20:13:29.643,145.625,,,STOPPED,0.0000,0.0000,False
2026-05-21T20:13:29.843,145.825,,,STOPPED,0.0000,0.0000,False
2026-05-21T20:13:30.043,146.025,,,STOPPED,0.0000,0.0000,False
2026-05-21T20:13:30.243,146.225,,,STOPPED,0.0000,0.0000,False
2026-05-21T20:13:30.443,146.425,,,STOPPED,0.0000,0.0000,False
2026-05-21T20:13:30.643,146.625,,,STOPPED,0.0000,0.0000,False
2026-05-21T20:13:30.843,146.825,,,STOPPED,0.0000,0.0000,False
2026-05-21T20:13:31.043,147.025,,,STOPPED,0.0000,0.0000,False
2026-05-21T20:13:31.243,147.225,,,STOPPED,0.0000,0.0000,False
2026-05-21T20:13:31.443,147.425,,,STOPPED,0.0000,0.0000,False
2026-05-21T20:13:31.643,147.625,,,STOPPED,0.0000,0.0000,False
2026-05-21T20:13:31.843,147.825,,,STOPPED,0.0000,0.0000,False
2026-05-21T20:13:32.043,148.025,,,STOPPED,0.0000,0.0000,False
2026-05-21T20:13:32.243,148.225,,,STOPPED,0.0000,0.0000,False
2026-05-21T20:13:32.443,148.425,,,STOPPED,0.0000,0.0000,False
2026-05-21T20:13:32.643,148.625,,,STOPPED,0.0000,0.0000,False
2026-05-21T20:13:32.843,148.825,,,STOPPED,0.0000,0.0000,False
2026-05-21T20:13:33.043,149.025,,,STOPPED,0.0000,0.0000,False
2026-05-21T20:13:33.243,149.225,,,STOPPED,0.0000,0.0000,False
2026-05-21T20:13:33.444,149.426,,,STOPPED,0.0000,0.0000,False
2026-05-21T20:13:33.643,149.625,,,STOPPED,0.0000,0.0000,False
2026-05-21T20:13:33.843,149.825,,,STOPPED,0.0000,0.0000,False
2026-05-21T20:13:34.043,150.025,,,STOPPED,0.0000,0.0000,False
2026-05-21T20:13:34.243,150.225,,,STOPPED,0.0000,0.0000,False
2026-05-21T20:13:34.443,150.425,,,STOPPED,0.0000,0.0000,False
2026-05-21T20:13:34.643,150.625,,,STOPPED,0.0000,0.0000,False
2026-05-21T20:13:34.843,150.825,,,STOPPED,0.0000,0.0000,False
2026-05-21T20:13:35.043,151.025,,,STOPPED,0.0000,0.0000,False
2026-05-21T20:13:35.244,151.226,,,STOPPED,0.0000,0.0000,False
2026-05-21T20:13:35.443,151.425,,,STOPPED,0.0000,0.0000,False
2026-05-21T20:13:35.643,151.625,,,STOPPED,0.0000,0.0000,False
2026-05-21T20:13:35.843,151.825,,,STOPPED,0.0000,0.0000,False
2026-05-21T20:13:36.046,152.028,,,STOPPED,0.0000,0.0000,False
2026-05-21T20:13:36.243,152.225,,,STOPPED,0.0000,0.0000,False
2026-05-21T20:13:36.443,152.425,,,STOPPED,0.0000,0.0000,False
2026-05-21T20:13:36.643,152.625,,,STOPPED,0.0000,0.0000,False
2026-05-21T20:13:36.843,152.825,,,STOPPED,0.0000,0.0000,False
2026-05-21T20:13:37.043,153.025,GO,"[{""timestamp"": ""2026-05-21T20:13:36"", ""content"": ""GO"", ""bbox_area"": 7183.017517089844}]",DRIVING,0.0800,0.0000,True
2026-05-21T20:13:37.243,153.225,,"[{""timestamp"": ""2026-05-21T20:13:37"", ""content"": ""GO"", ""bbox_area"": 7049.798252858454}]",DRIVING,0.0800,0.0000,False
2026-05-21T20:13:37.443,153.425,,,DRIVING,0.0800,0.0000,False
2026-05-21T20:13:37.643,153.625,,,DRIVING,0.0800,0.0000,False
2026-05-21T20:13:37.843,153.825,,,DRIVING,0.0800,0.0000,False
2026-05-21T20:13:38.043,154.025,,,DRIVING,0.0800,0.0000,False
2026-05-21T20:13:38.243,154.225,,,DRIVING,0.0800,0.0000,False
2026-05-21T20:13:38.443,154.425,,,DRIVING,0.0800,0.0000,False
2026-05-21T20:13:38.643,154.625,,,DRIVING,0.0800,0.0000,False
2026-05-21T20:13:38.843,154.825,,,DRIVING,0.0800,0.0000,False
2026-05-21T20:13:39.043,155.025,,,DRIVING,0.0800,0.0000,False
2026-05-21T20:13:39.243,155.225,,,DRIVING,0.0800,0.0000,False
2026-05-21T20:13:39.443,155.425,,,DRIVING,0.0800,0.0000,False
2026-05-21T20:13:39.643,155.625,,,DRIVING,0.0800,0.0000,False
2026-05-21T20:13:39.843,155.825,,,DRIVING,0.0800,0.0000,False
2026-05-21T20:13:40.043,156.025,,,RECOVERING,0.0800,0.0000,False
2026-05-21T20:13:40.243,156.225,,,RECOVERING,0.0800,0.0000,False
2026-05-21T20:13:40.443,156.425,,,RECOVERING,0.0800,0.0000,False
2026-05-21T20:13:40.643,156.625,,,RECOVERING,0.0800,0.0000,False
2026-05-21T20:13:40.843,156.825,,,RECOVERING,0.0800,0.0000,False
2026-05-21T20:13:41.043,157.025,,,RECOVERING,0.0800,0.0000,False
2026-05-21T20:13:41.243,157.225,,,RECOVERING,0.0800,0.0000,False
2026-05-21T20:13:41.443,157.425,,,RECOVERING,0.0800,0.0000,False
2026-05-21T20:13:41.643,157.625,,,RECOVERING,0.0800,0.0000,False
2026-05-21T20:13:41.844,157.826,,,RECOVERING,0.0800,0.0000,False
2026-05-21T20:13:42.043,158.025,,,RECOVERING,0.0800,0.0000,False
2026-05-21T20:13:42.243,158.225,,,RECOVERING,0.0800,0.0000,False
2026-05-21T20:13:42.443,158.425,TURN_LEFT,"[{""timestamp"": ""2026-05-21T20:13:42"", ""content"": ""TURN_LEFT"", ""bbox_area"": 17882.887527023442}]",TURNING,0.0000,0.4000,True
2026-05-21T20:13:42.643,158.625,,,TURNING,0.0000,0.4000,False
2026-05-21T20:13:42.843,158.825,,,TURNING,0.0000,0.4000,False
2026-05-21T20:13:43.043,159.025,,,TURNING,0.0000,0.4000,False
2026-05-21T20:13:43.243,159.225,,,TURNING,0.0000,0.4000,False
2026-05-21T20:13:43.443,159.425,,,TURNING,0.0000,0.4000,False
2026-05-21T20:13:43.643,159.625,,,TURNING,0.0000,0.4000,False
2026-05-21T20:13:43.843,159.825,,,TURNING,0.0000,0.4000,False
2026-05-21T20:13:44.043,160.025,,,TURNING,0.0000,0.4000,False
2026-05-21T20:13:44.243,160.225,,,TURNING,0.0000,0.4000,False
2026-05-21T20:13:44.443,160.425,,,TURNING,0.0000,0.4000,False
2026-05-21T20:13:44.643,160.625,,,TURNING,0.0000,0.4000,False
2026-05-21T20:13:44.843,160.825,,,TURNING,0.0000,0.4000,False
2026-05-21T20:13:45.043,161.025,,,TURNING,0.0000,0.4000,False
2026-05-21T20:13:45.243,161.225,,,TURNING,0.0000,0.4000,False
2026-05-21T20:13:45.443,161.425,,,TURNING,0.0000,0.4000,False
2026-05-21T20:13:45.643,161.625,,,TURNING,0.0000,0.4000,False
2026-05-21T20:13:45.843,161.825,,,TURNING,0.0000,0.4000,False
2026-05-21T20:13:46.043,162.025,,,TURNING,0.0000,0.4000,False
2026-05-21T20:13:46.243,162.225,,,TURNING,0.0000,0.4000,False
2026-05-21T20:13:46.443,162.425,,,DRIVING,0.0800,0.0000,False
2026-05-21T20:13:46.643,162.625,,,RECOVERING,0.0800,0.0000,False
2026-05-21T20:13:46.843,162.825,,,RECOVERING,0.0800,0.0000,False
2026-05-21T20:13:47.043,163.025,,,RECOVERING,0.0800,0.0000,False
2026-05-21T20:13:47.243,163.225,,,RECOVERING,0.0800,0.0000,False
2026-05-21T20:13:47.443,163.425,,,RECOVERING,0.0800,0.0000,False
2026-05-21T20:13:47.643,163.625,,,RECOVERING,0.0800,0.0000,False
2026-05-21T20:13:47.843,163.825,,,RECOVERING,0.0800,0.0000,False
2026-05-21T20:13:48.043,164.025,,,RECOVERING,0.0800,0.0000,False
2026-05-21T20:13:48.243,164.225,,,RECOVERING,0.0800,0.0000,False
2026-05-21T20:13:48.443,164.425,,,RECOVERING,0.0800,0.0000,False
2026-05-21T20:13:48.643,164.625,,,RECOVERING,0.0800,0.0000,False
2026-05-21T20:13:48.843,164.825,TURN_RIGHT,"[{""timestamp"": ""2026-05-21T20:13:48"", ""content"": ""TURN_RIGHT"", ""bbox_area"": 18648.035913467407}]",TURNING,0.0000,-0.4000,True
2026-05-21T20:13:49.043,165.025,,,TURNING,0.0000,-0.4000,False
2026-05-21T20:13:49.243,165.225,,"[{""timestamp"": ""2026-05-21T20:13:49"", ""content"": ""TURN_RIGHT"", ""bbox_area"": 12184.143820983358}]",TURNING,0.0000,-0.4000,False
2026-05-21T20:13:49.443,165.425,,,TURNING,0.0000,-0.4000,False
2026-05-21T20:13:49.643,165.625,,,TURNING,0.0000,-0.4000,False
2026-05-21T20:13:49.843,165.825,,,TURNING,0.0000,-0.4000,False
2026-05-21T20:13:50.043,166.025,,,TURNING,0.0000,-0.4000,False
2026-05-21T20:13:50.243,166.225,,,TURNING,0.0000,-0.4000,False
2026-05-21T20:13:50.443,166.425,,,TURNING,0.0000,-0.4000,False
2026-05-21T20:13:50.643,166.625,,,TURNING,0.0000,-0.4000,False
2026-05-21T20:13:50.843,166.825,,,TURNING,0.0000,-0.4000,False
2026-05-21T20:13:51.043,167.025,,,TURNING,0.0000,-0.4000,False
2026-05-21T20:13:51.243,167.225,,,TURNING,0.0000,-0.4000,False
2026-05-21T20:13:51.443,167.425,,,TURNING,0.0000,-0.4000,False
2026-05-21T20:13:51.643,167.625,,,TURNING,0.0000,-0.4000,False
2026-05-21T20:13:51.843,167.825,,,TURNING,0.0000,-0.4000,False
2026-05-21T20:13:52.043,168.025,,,TURNING,0.0000,-0.4000,False
2026-05-21T20:13:52.243,168.225,,,TURNING,0.0000,-0.4000,False
2026-05-21T20:13:52.443,168.425,,,TURNING,0.0000,-0.4000,False
2026-05-21T20:13:52.643,168.625,,,TURNING,0.0000,-0.4000,False
2026-05-21T20:13:52.843,168.825,,,RECOVERING,0.0800,0.0000,False
2026-05-21T20:13:53.043,169.025,,,RECOVERING,0.0800,0.0000,False
2026-05-21T20:13:53.243,169.225,,,RECOVERING,0.0800,0.0000,False
2026-05-21T20:13:53.443,169.425,,,RECOVERING,0.0800,0.0000,False
2026-05-21T20:13:53.643,169.625,,,RECOVERING,0.0800,0.0000,False
2026-05-21T20:13:53.843,169.825,,,RECOVERING,0.0800,0.0000,False
2026-05-21T20:13:54.043,170.025,,,RECOVERING,0.0800,0.0000,False
2026-05-21T20:13:54.243,170.225,,,RECOVERING,0.0800,0.0000,False
2026-05-21T20:13:54.443,170.425,,,RECOVERING,0.0800,0.0000,False
2026-05-21T20:13:54.643,170.625,,,RECOVERING,0.0800,0.0000,False
2026-05-21T20:13:54.843,170.825,,,RECOVERING,0.0800,0.0000,False
2026-05-21T20:13:55.043,171.025,U_TURN,"[{""timestamp"": ""2026-05-21T20:13:54"", ""content"": ""U_TURN"", ""bbox_area"": 12928.93361447798}]",TURNING,0.0000,0.4000,True
2026-05-21T20:13:55.243,171.225,,,TURNING,0.0000,0.4000,False
2026-05-21T20:13:55.443,171.425,,"[{""timestamp"": ""2026-05-21T20:13:55"", ""content"": ""U_TURN"", ""bbox_area"": 9573.485893249512}]",TURNING,0.0000,0.4000,False
2026-05-21T20:13:55.643,171.625,,,TURNING,0.0000,0.4000,False
2026-05-21T20:13:55.843,171.825,,,TURNING,0.0000,0.4000,False
2026-05-21T20:13:56.043,172.025,,,TURNING,0.0000,0.4000,False
2026-05-21T20:13:56.243,172.225,,,TURNING,0.0000,0.4000,False
2026-05-21T20:13:56.443,172.425,,,TURNING,0.0000,0.4000,False
2026-05-21T20:13:56.643,172.625,,,TURNING,0.0000,0.4000,False
2026-05-21T20:13:56.843,172.825,,,TURNING,0.0000,0.4000,False
2026-05-21T20:13:57.043,173.025,,,TURNING,0.0000,0.4000,False
2026-05-21T20:13:57.243,173.225,,,TURNING,0.0000,0.4000,False
2026-05-21T20:13:57.443,173.425,,,TURNING,0.0000,0.4000,False
2026-05-21T20:13:57.643,173.625,,,TURNING,0.0000,0.4000,False
2026-05-21T20:13:57.843,173.825,,,TURNING,0.0000,0.4000,False
2026-05-21T20:13:58.043,174.025,,,TURNING,0.0000,0.4000,False
2026-05-21T20:13:58.243,174.225,,,TURNING,0.0000,0.4000,False
2026-05-21T20:13:58.443,174.425,,,TURNING,0.0000,0.4000,False
2026-05-21T20:13:58.643,174.625,,,TURNING,0.0000,0.4000,False
2026-05-21T20:13:58.843,174.825,,,TURNING,0.0000,0.4000,False
2026-05-21T20:13:59.043,175.025,,,TURNING,0.0000,0.4000,False
2026-05-21T20:13:59.243,175.225,,,TURNING,0.0000,0.4000,False
2026-05-21T20:13:59.443,175.425,,,TURNING,0.0000,0.4000,False
2026-05-21T20:13:59.643,175.625,,,TURNING,0.0000,0.4000,False
2026-05-21T20:13:59.843,175.825,,,TURNING,0.0000,0.4000,False
2026-05-21T20:14:00.043,176.025,,,TURNING,0.0000,0.4000,False
2026-05-21T20:14:00.243,176.225,,,TURNING,0.0000,0.4000,False
2026-05-21T20:14:00.443,176.425,,,TURNING,0.0000,0.4000,False
2026-05-21T20:14:00.643,176.625,,,TURNING,0.0000,0.4000,False
2026-05-21T20:14:00.843,176.825,,,TURNING,0.0000,0.4000,False
2026-05-21T20:14:01.043,177.025,,,TURNING,0.0000,0.4000,False
2026-05-21T20:14:01.243,177.225,,,TURNING,0.0000,0.4000,False
2026-05-21T20:14:01.443,177.425,,,TURNING,0.0000,0.4000,False
2026-05-21T20:14:01.643,177.625,,,TURNING,0.0000,0.4000,False
2026-05-21T20:14:01.843,177.825,,,TURNING,0.0000,0.4000,False
2026-05-21T20:14:02.043,178.025,,,TURNING,0.0000,0.4000,False
2026-05-21T20:14:02.243,178.225,,,TURNING,0.0000,0.4000,False
2026-05-21T20:14:02.443,178.425,,,TURNING,0.0000,0.4000,False
2026-05-21T20:14:02.643,178.625,,,TURNING,0.0000,0.4000,False
2026-05-21T20:14:02.843,178.825,,,TURNING,0.0000,0.4000,False
2026-05-21T20:14:03.043,179.025,,,RECOVERING,0.0800,0.0000,False
2026-05-21T20:14:03.243,179.225,,,RECOVERING,0.0800,0.0000,False
2026-05-21T20:14:03.443,179.425,,,RECOVERING,0.0800,0.0000,False
2026-05-21T20:14:03.643,179.625,,,RECOVERING,0.0800,0.0000,False
2026-05-21T20:14:03.843,179.825,,,RECOVERING,0.0800,0.0000,False
2026-05-21T20:14:04.043,180.025,,,RECOVERING,0.0800,0.0000,False
2026-05-21T20:14:04.243,180.225,,,RECOVERING,0.0800,0.0000,False
2026-05-21T20:14:04.443,180.425,,,RECOVERING,0.0800,0.0000,False
2026-05-21T20:14:04.643,180.625,,,RECOVERING,0.0800,0.0000,False
2026-05-21T20:14:04.843,180.825,,,RECOVERING,0.0800,0.0000,False
2026-05-21T20:14:05.043,181.025,,,RECOVERING,0.0800,0.0000,False
2026-05-21T20:14:05.243,181.225,,,RECOVERING,0.0800,0.0000,False
2026-05-21T20:14:05.443,181.425,,,RECOVERING,0.0800,0.0000,False
2026-05-21T20:14:05.643,181.625,,,RECOVERING,0.0800,0.0000,False
2026-05-21T20:14:05.843,181.825,,,RECOVERING,0.0800,0.0000,False
2026-05-21T20:14:06.043,182.025,SPEED_UP,"[{""timestamp"": ""2026-05-21T20:14:05"", ""content"": ""SPEED_UP"", ""bbox_area"": 8309.073699951172}]",DRIVING,0.1300,0.0000,True
2026-05-21T20:14:06.243,182.225,,,DRIVING,0.1300,0.0000,False
2026-05-21T20:14:06.443,182.425,,,DRIVING,0.1300,0.0000,False
2026-05-21T20:14:06.643,182.625,,,DRIVING,0.1300,0.0000,False
2026-05-21T20:14:06.843,182.825,,,DRIVING,0.1300,0.0000,False
2026-05-21T20:14:07.043,183.025,,,DRIVING,0.1300,0.0000,False
2026-05-21T20:14:07.243,183.225,,,DRIVING,0.1300,0.0000,False
2026-05-21T20:14:07.443,183.425,,,DRIVING,0.1300,0.0000,False
2026-05-21T20:14:07.643,183.625,,,DRIVING,0.1300,0.0000,False
2026-05-21T20:14:07.843,183.825,,,DRIVING,0.1300,0.0000,False
2026-05-21T20:14:08.043,184.025,,,DRIVING,0.1300,0.0000,False
2026-05-21T20:14:08.243,184.225,,,DRIVING,0.1300,0.0000,False
2026-05-21T20:14:08.443,184.425,,,DRIVING,0.1300,0.0000,False
2026-05-21T20:14:08.643,184.625,,,DRIVING,0.1300,0.0000,False
2026-05-21T20:14:08.843,184.825,,,DRIVING,0.1300,0.0000,False
2026-05-21T20:14:09.043,185.025,,,RECOVERING,0.1300,0.0000,False
2026-05-21T20:14:09.243,185.225,,,RECOVERING,0.1300,0.0000,False
2026-05-21T20:14:09.443,185.425,,,RECOVERING,0.1300,0.0000,False
2026-05-21T20:14:09.643,185.625,,,RECOVERING,0.1300,0.0000,False
2026-05-21T20:14:09.843,185.825,,,RECOVERING,0.1300,0.0000,False
2026-05-21T20:14:10.043,186.025,,,RECOVERING,0.1300,0.0000,False
2026-05-21T20:14:10.243,186.225,,,RECOVERING,0.1300,0.0000,False
2026-05-21T20:14:10.443,186.425,,,RECOVERING,0.1300,0.0000,False
2026-05-21T20:14:10.643,186.625,,,RECOVERING,0.1300,0.0000,False
2026-05-21T20:14:10.843,186.825,,,RECOVERING,0.1300,0.0000,False
2026-05-21T20:14:11.043,187.025,,,RECOVERING,0.1300,0.0000,False
2026-05-21T20:14:11.243,187.225,,,RECOVERING,0.1300,0.0000,False
2026-05-21T20:14:11.443,187.425,SPEED_DOWN,"[{""timestamp"": ""2026-05-21T20:14:11"", ""content"": ""SPEED_DOWN"", ""bbox_area"": 11172.094415836968}]",DRIVING,0.0800,0.0000,True
2026-05-21T20:14:11.643,187.625,,,DRIVING,0.0800,0.0000,False
2026-05-21T20:14:11.843,187.825,,"[{""timestamp"": ""2026-05-21T20:14:11"", ""content"": ""SPEED_DOWN"", ""bbox_area"": 10567.451644897461}]",DRIVING,0.0800,0.0000,False
2026-05-21T20:14:12.043,188.025,,,DRIVING,0.0800,0.0000,False
2026-05-21T20:14:12.243,188.225,,,DRIVING,0.0800,0.0000,False
2026-05-21T20:14:12.443,188.425,,,DRIVING,0.0800,0.0000,False
2026-05-21T20:14:12.643,188.625,,,DRIVING,0.0800,0.0000,False
2026-05-21T20:14:12.843,188.825,,,DRIVING,0.0800,0.0000,False
2026-05-21T20:14:13.043,189.025,,,DRIVING,0.0800,0.0000,False
2026-05-21T20:14:13.243,189.225,,,DRIVING,0.0800,0.0000,False
2026-05-21T20:14:13.443,189.425,,,DRIVING,0.0800,0.0000,False
2026-05-21T20:14:13.643,189.625,,,DRIVING,0.0800,0.0000,False
2026-05-21T20:14:13.843,189.825,,,DRIVING,0.0800,0.0000,False
2026-05-21T20:14:14.043,190.025,,,DRIVING,0.0800,0.0000,False
2026-05-21T20:14:14.243,190.225,,,DRIVING,0.0800,0.0000,False
2026-05-21T20:14:14.444,190.426,,,RECOVERING,0.0800,0.0000,False
2026-05-21T20:14:14.643,190.625,,,RECOVERING,0.0800,0.0000,False
2026-05-21T20:14:14.843,190.825,,,RECOVERING,0.0800,0.0000,False
2026-05-21T20:14:15.043,191.025,,,RECOVERING,0.0800,0.0000,False
2026-05-21T20:14:15.243,191.225,,,RECOVERING,0.0800,0.0000,False
2026-05-21T20:14:15.443,191.425,,,RECOVERING,0.0800,0.0000,False
2026-05-21T20:14:15.643,191.625,,,RECOVERING,0.0800,0.0000,False
2026-05-21T20:14:15.843,191.825,,,RECOVERING,0.0800,0.0000,False
2026-05-21T20:14:16.043,192.025,,,RECOVERING,0.0800,0.0000,False
2026-05-21T20:14:16.243,192.225,,,RECOVERING,0.0800,0.0000,False
2026-05-21T20:14:16.443,192.425,STOP,"[{""timestamp"": ""2026-05-21T20:14:16"", ""content"": ""STOP"", ""bbox_area"": 8882.274579736637}]",STOPPED,0.0000,0.0000,True
2026-05-21T20:14:16.643,192.625,,"[{""timestamp"": ""2026-05-21T20:14:16"", ""content"": ""STOP"", ""bbox_area"": 9795.819221955724}]",STOPPED,0.0000,0.0000,False
2026-05-21T20:14:16.843,192.825,,,STOPPED,0.0000,0.0000,False
2026-05-21T20:14:17.043,193.025,,,STOPPED,0.0000,0.0000,False
2026-05-21T20:14:17.243,193.225,,,STOPPED,0.0000,0.0000,False
2026-05-21T20:14:17.443,193.425,,,STOPPED,0.0000,0.0000,False
2026-05-21T20:14:17.643,193.625,,,STOPPED,0.0000,0.0000,False
2026-05-21T20:14:17.843,193.825,,,STOPPED,0.0000,0.0000,False
2026-05-21T20:14:18.044,194.026,,,STOPPED,0.0000,0.0000,False
2026-05-21T20:14:18.243,194.225,,,STOPPED,0.0000,0.0000,False
2026-05-21T20:14:18.443,194.425,,,STOPPED,0.0000,0.0000,False
2026-05-21T20:14:18.643,194.625,,,STOPPED,0.0000,0.0000,False
2026-05-21T20:14:18.843,194.825,,,STOPPED,0.0000,0.0000,False
2026-05-21T20:14:19.043,195.025,,,STOPPED,0.0000,0.0000,False
2026-05-21T20:14:19.243,195.225,,,STOPPED,0.0000,0.0000,False
2026-05-21T20:14:19.443,195.425,,,STOPPED,0.0000,0.0000,False
2026-05-21T20:14:19.643,195.625,,,STOPPED,0.0000,0.0000,False
2026-05-21T20:14:19.843,195.825,,,STOPPED,0.0000,0.0000,False
2026-05-21T20:14:20.043,196.025,,,STOPPED,0.0000,0.0000,False
2026-05-21T20:14:20.243,196.225,,,STOPPED,0.0000,0.0000,False
2026-05-21T20:14:20.443,196.425,,,STOPPED,0.0000,0.0000,False
2026-05-21T20:14:20.643,196.625,,,STOPPED,0.0000,0.0000,False
2026-05-21T20:14:20.843,196.825,,,STOPPED,0.0000,0.0000,False
2026-05-21T20:14:21.043,197.025,,,STOPPED,0.0000,0.0000,False
2026-05-21T20:14:21.243,197.225,,,STOPPED,0.0000,0.0000,False
2026-05-21T20:14:21.443,197.425,,,STOPPED,0.0000,0.0000,False
2026-05-21T20:14:21.643,197.625,,,STOPPED,0.0000,0.0000,False
2026-05-21T20:14:21.843,197.825,,,STOPPED,0.0000,0.0000,False
2026-05-21T20:14:22.043,198.025,,,STOPPED,0.0000,0.0000,False
2026-05-21T20:14:22.243,198.225,,,STOPPED,0.0000,0.0000,False
2026-05-21T20:14:22.443,198.425,,,STOPPED,0.0000,0.0000,False
2026-05-21T20:14:22.643,198.625,,,STOPPED,0.0000,0.0000,False
2026-05-21T20:14:22.843,198.825,,,STOPPED,0.0000,0.0000,False
2026-05-21T20:14:23.043,199.025,,,STOPPED,0.0000,0.0000,False
2026-05-21T20:14:23.243,199.225,,,STOPPED,0.0000,0.0000,False
2026-05-21T20:14:23.443,199.425,,,STOPPED,0.0000,0.0000,False
2026-05-21T20:14:23.643,199.625,,,STOPPED,0.0000,0.0000,False
2026-05-21T20:14:23.843,199.825,,,STOPPED,0.0000,0.0000,False
2026-05-21T20:14:24.043,200.025,,,STOPPED,0.0000,0.0000,False
2026-05-21T20:14:24.243,200.225,,,STOPPED,0.0000,0.0000,False
2026-05-21T20:14:24.443,200.425,,,STOPPED,0.0000,0.0000,False
2026-05-21T20:14:24.643,200.625,,,STOPPED,0.0000,0.0000,False
2026-05-21T20:14:24.843,200.825,,,STOPPED,0.0000,0.0000,False
2026-05-21T20:14:25.043,201.025,,,STOPPED,0.0000,0.0000,False
2026-05-21T20:14:25.243,201.225,,,STOPPED,0.0000,0.0000,False
2026-05-21T20:14:25.443,201.425,,,STOPPED,0.0000,0.0000,False
2026-05-21T20:14:25.643,201.625,,,STOPPED,0.0000,0.0000,False
2026-05-21T20:14:25.843,201.825,,,STOPPED,0.0000,0.0000,False
2026-05-21T20:14:26.043,202.025,,,STOPPED,0.0000,0.0000,False
2026-05-21T20:14:26.243,202.225,,,STOPPED,0.0000,0.0000,False
2026-05-21T20:14:26.443,202.425,,,STOPPED,0.0000,0.0000,False
2026-05-21T20:14:26.643,202.625,,,STOPPED,0.0000,0.0000,False
2026-05-21T20:14:26.843,202.825,,,STOPPED,0.0000,0.0000,False
2026-05-21T20:14:27.043,203.025,,,STOPPED,0.0000,0.0000,False
2026-05-21T20:14:27.243,203.225,,,STOPPED,0.0000,0.0000,False
2026-05-21T20:14:27.443,203.425,,,STOPPED,0.0000,0.0000,False
2026-05-21T20:14:27.643,203.625,,,STOPPED,0.0000,0.0000,False
2026-05-21T20:14:27.843,203.825,,,STOPPED,0.0000,0.0000,False
2026-05-21T20:14:28.043,204.025,,,STOPPED,0.0000,0.0000,False
2026-05-21T20:14:28.243,204.225,,,STOPPED,0.0000,0.0000,False
2026-05-21T20:14:28.443,204.425,,,STOPPED,0.0000,0.0000,False
2026-05-21T20:14:28.643,204.625,,,STOPPED,0.0000,0.0000,False
2026-05-21T20:14:28.843,204.825,,,STOPPED,0.0000,0.0000,False
2026-05-21T20:14:29.043,205.025,,,STOPPED,0.0000,0.0000,False
2026-05-21T20:14:29.243,205.225,,,STOPPED,0.0000,0.0000,False
2026-05-21T20:14:29.443,205.425,,,STOPPED,0.0000,0.0000,False
2026-05-21T20:14:29.643,205.625,,,STOPPED,0.0000,0.0000,False
2026-05-21T20:14:29.843,205.825,,,STOPPED,0.0000,0.0000,False
2026-05-21T20:14:30.043,206.025,,,STOPPED,0.0000,0.0000,False
2026-05-21T20:14:30.243,206.225,,,STOPPED,0.0000,0.0000,False
2026-05-21T20:14:30.443,206.425,,,STOPPED,0.0000,0.0000,False
2026-05-21T20:14:30.643,206.625,,,STOPPED,0.0000,0.0000,False
2026-05-21T20:14:30.843,206.825,,,STOPPED,0.0000,0.0000,False
2026-05-21T20:14:31.043,207.025,,,STOPPED,0.0000,0.0000,False
2026-05-21T20:14:31.243,207.225,,,STOPPED,0.0000,0.0000,False
2026-05-21T20:14:31.443,207.425,,,STOPPED,0.0000,0.0000,False
2026-05-21T20:14:31.643,207.625,,,STOPPED,0.0000,0.0000,False
2026-05-21T20:14:31.843,207.825,,,STOPPED,0.0000,0.0000,False
2026-05-21T20:14:32.043,208.025,,,STOPPED,0.0000,0.0000,False
2026-05-21T20:14:32.243,208.225,,,STOPPED,0.0000,0.0000,False
2026-05-21T20:14:32.443,208.425,,,STOPPED,0.0000,0.0000,False
2026-05-21T20:14:32.643,208.625,,,STOPPED,0.0000,0.0000,False
2026-05-21T20:14:32.843,208.825,,,STOPPED,0.0000,0.0000,False
2026-05-21T20:14:33.043,209.025,,,STOPPED,0.0000,0.0000,False
2026-05-21T20:14:33.243,209.225,,,STOPPED,0.0000,0.0000,False
2026-05-21T20:14:33.443,209.425,,,STOPPED,0.0000,0.0000,False
2026-05-21T20:14:33.643,209.625,,,STOPPED,0.0000,0.0000,False
2026-05-21T20:14:33.843,209.825,,,STOPPED,0.0000,0.0000,False
2026-05-21T20:14:34.043,210.025,,,STOPPED,0.0000,0.0000,False
2026-05-21T20:14:34.243,210.225,,,STOPPED,0.0000,0.0000,False
2026-05-21T20:14:34.443,210.425,,,STOPPED,0.0000,0.0000,False
2026-05-21T20:14:34.643,210.625,,,STOPPED,0.0000,0.0000,False
2026-05-21T20:14:34.843,210.825,,,STOPPED,0.0000,0.0000,False
2026-05-21T20:14:35.043,211.025,,,STOPPED,0.0000,0.0000,False
2026-05-21T20:14:35.243,211.225,,,STOPPED,0.0000,0.0000,False
2026-05-21T20:14:35.443,211.425,,,STOPPED,0.0000,0.0000,False
2026-05-21T20:14:35.643,211.625,,,STOPPED,0.0000,0.0000,False
2026-05-21T20:14:35.843,211.825,,,STOPPED,0.0000,0.0000,False
2026-05-21T20:14:36.043,212.025,,,STOPPED,0.0000,0.0000,False
2026-05-21T20:14:36.243,212.225,,,STOPPED,0.0000,0.0000,False
2026-05-21T20:14:36.443,212.425,,,STOPPED,0.0000,0.0000,False
2026-05-21T20:14:36.643,212.625,,,STOPPED,0.0000,0.0000,False
2026-05-21T20:14:36.843,212.825,,,STOPPED,0.0000,0.0000,False
2026-05-21T20:14:37.043,213.025,,,STOPPED,0.0000,0.0000,False
2026-05-21T20:14:37.243,213.225,,,STOPPED,0.0000,0.0000,False
2026-05-21T20:14:37.443,213.425,,,STOPPED,0.0000,0.0000,False
2026-05-21T20:14:37.643,213.625,,,STOPPED,0.0000,0.0000,False
2026-05-21T20:14:37.843,213.825,,,STOPPED,0.0000,0.0000,False
2026-05-21T20:14:38.043,214.025,,,STOPPED,0.0000,0.0000,False
2026-05-21T20:14:38.243,214.225,,,STOPPED,0.0000,0.0000,False
2026-05-21T20:14:38.443,214.425,,,STOPPED,0.0000,0.0000,False
2026-05-21T20:14:38.643,214.625,,,STOPPED,0.0000,0.0000,False
2026-05-21T20:14:38.843,214.825,,,STOPPED,0.0000,0.0000,False
2026-05-21T20:14:39.043,215.025,,,STOPPED,0.0000,0.0000,False
2026-05-21T20:14:39.243,215.225,,,STOPPED,0.0000,0.0000,False
2026-05-21T20:14:39.443,215.425,,,STOPPED,0.0000,0.0000,False
2026-05-21T20:14:39.643,215.625,,,STOPPED,0.0000,0.0000,False
2026-05-21T20:14:39.843,215.825,,,STOPPED,0.0000,0.0000,False
2026-05-21T20:14:40.043,216.025,,,STOPPED,0.0000,0.0000,False
2026-05-21T20:14:40.243,216.225,,,STOPPED,0.0000,0.0000,False
2026-05-21T20:14:40.443,216.425,,,STOPPED,0.0000,0.0000,False
2026-05-21T20:14:40.643,216.625,,,STOPPED,0.0000,0.0000,False
2026-05-21T20:14:40.843,216.825,,,STOPPED,0.0000,0.0000,False
2026-05-21T20:14:41.043,217.025,,,STOPPED,0.0000,0.0000,False
2026-05-21T20:14:41.243,217.225,,,STOPPED,0.0000,0.0000,False
2026-05-21T20:14:41.443,217.425,,,STOPPED,0.0000,0.0000,False
2026-05-21T20:14:41.643,217.625,,,STOPPED,0.0000,0.0000,False
2026-05-21T20:14:41.843,217.825,,,STOPPED,0.0000,0.0000,False
2026-05-21T20:14:42.043,218.025,,,STOPPED,0.0000,0.0000,False
2026-05-21T20:14:42.243,218.225,,,STOPPED,0.0000,0.0000,False
2026-05-21T20:14:42.443,218.425,,,STOPPED,0.0000,0.0000,False
2026-05-21T20:14:42.643,218.625,,,STOPPED,0.0000,0.0000,False
2026-05-21T20:14:42.843,218.825,,,STOPPED,0.0000,0.0000,False
2026-05-21T20:14:43.043,219.025,,,STOPPED,0.0000,0.0000,False
2026-05-21T20:14:43.243,219.225,,,STOPPED,0.0000,0.0000,False
2026-05-21T20:14:43.443,219.425,,,STOPPED,0.0000,0.0000,False
2026-05-21T20:14:43.643,219.625,,,STOPPED,0.0000,0.0000,False
2026-05-21T20:14:43.844,219.826,,,STOPPED,0.0000,0.0000,False
2026-05-21T20:14:44.043,220.025,,,STOPPED,0.0000,0.0000,False
2026-05-21T20:14:44.243,220.225,GO,"[{""timestamp"": ""2026-05-21T20:14:44"", ""content"": ""GO"", ""bbox_area"": 12640.850480404682}]",DRIVING,0.0800,0.0000,True
2026-05-21T20:14:44.443,220.425,,"[{""timestamp"": ""2026-05-21T20:14:44"", ""content"": ""GO"", ""bbox_area"": 9027.638445738005}]",DRIVING,0.0800,0.0000,False
2026-05-21T20:14:44.643,220.625,,,DRIVING,0.0800,0.0000,False
2026-05-21T20:14:44.843,220.825,,,DRIVING,0.0800,0.0000,False
2026-05-21T20:14:45.043,221.025,,,DRIVING,0.0800,0.0000,False
2026-05-21T20:14:45.243,221.225,,,DRIVING,0.0800,0.0000,False
2026-05-21T20:14:45.443,221.425,,,DRIVING,0.0800,0.0000,False
2026-05-21T20:14:45.643,221.625,,,DRIVING,0.0800,0.0000,False
2026-05-21T20:14:45.843,221.825,,,DRIVING,0.0800,0.0000,False
2026-05-21T20:14:46.043,222.025,,,DRIVING,0.0800,0.0000,False
2026-05-21T20:14:46.243,222.225,,,DRIVING,0.0800,0.0000,False
2026-05-21T20:14:46.443,222.425,,,DRIVING,0.0800,0.0000,False
2026-05-21T20:14:46.643,222.625,,,DRIVING,0.0800,0.0000,False
2026-05-21T20:14:46.843,222.825,,,DRIVING,0.0800,0.0000,False
2026-05-21T20:14:47.043,223.025,,,DRIVING,0.0800,0.0000,False
2026-05-21T20:14:47.243,223.225,,,RECOVERING,0.0800,0.0000,False
2026-05-21T20:14:47.443,223.425,,,RECOVERING,0.0800,0.0000,False
2026-05-21T20:14:47.643,223.625,,,RECOVERING,0.0800,0.0000,False
2026-05-21T20:14:47.843,223.825,,,RECOVERING,0.0800,0.0000,False
2026-05-21T20:14:48.043,224.025,,,RECOVERING,0.0800,0.0000,False
2026-05-21T20:14:48.243,224.225,,,RECOVERING,0.0800,0.0000,False
2026-05-21T20:14:48.443,224.425,,,RECOVERING,0.0800,0.0000,False
2026-05-21T20:14:48.643,224.625,,,RECOVERING,0.0800,0.0000,False
2026-05-21T20:14:48.843,224.825,,,RECOVERING,0.0800,0.0000,False
2026-05-21T20:14:49.043,225.025,,,RECOVERING,0.0800,0.0000,False
2026-05-21T20:14:49.243,225.225,,,RECOVERING,0.0800,0.0000,False
2026-05-21T20:14:49.443,225.425,,,RECOVERING,0.0800,0.0000,False
2026-05-21T20:14:49.643,225.625,,,RECOVERING,0.0800,0.0000,False
2026-05-21T20:14:49.843,225.825,,,RECOVERING,0.0800,0.0000,False
2026-05-21T20:14:50.043,226.025,,,RECOVERING,0.0800,0.0000,False
2026-05-21T20:14:50.243,226.225,,,RECOVERING,0.0800,0.0000,False
2026-05-21T20:14:50.443,226.425,,,RECOVERING,0.0800,0.0000,False
2026-05-21T20:14:50.643,226.625,,,RECOVERING,0.0800,0.0000,False
2026-05-21T20:14:50.843,226.825,,,RECOVERING,0.0800,0.0000,False
2026-05-21T20:14:51.043,227.025,,,RECOVERING,0.0800,0.0000,False
2026-05-21T20:14:51.243,227.225,,,RECOVERING,0.0800,0.0000,False
2026-05-21T20:14:51.443,227.425,,,RECOVERING,0.0800,0.0000,False
2026-05-21T20:14:51.643,227.625,,,RECOVERING,0.0800,0.0000,False
2026-05-21T20:14:51.843,227.825,,,RECOVERING,0.0800,0.0000,False
2026-05-21T20:14:52.043,228.025,,,RECOVERING,0.0800,0.0000,False
2026-05-21T20:14:52.243,228.225,,,RECOVERING,0.0800,0.0000,False
2026-05-21T20:14:52.443,228.425,,,RECOVERING,0.0800,0.0000,False
2026-05-21T20:14:52.643,228.625,,,RECOVERING,0.0800,0.0000,False
2026-05-21T20:14:52.843,228.825,,,RECOVERING,0.0800,0.0000,False
2026-05-21T20:14:53.043,229.025,,,RECOVERING,0.0800,0.0000,False
2026-05-21T20:14:53.243,229.225,,,RECOVERING,0.0800,0.0000,False
2026-05-21T20:14:53.443,229.425,,,RECOVERING,0.0800,0.0000,False
2026-05-21T20:14:53.643,229.625,,,RECOVERING,0.0800,0.0000,False
2026-05-21T20:14:53.843,229.825,,,RECOVERING,0.0800,0.0000,False
2026-05-21T20:14:54.043,230.025,,,RECOVERING,0.0800,0.0000,False
2026-05-21T20:14:54.243,230.225,,,RECOVERING,0.0800,0.0000,False
2026-05-21T20:14:54.443,230.425,,,RECOVERING,0.0800,0.0000,False
2026-05-21T20:14:54.643,230.625,,,RECOVERING,0.0800,0.0000,False
2026-05-21T20:14:54.843,230.825,,,RECOVERING,0.0800,0.0000,False
2026-05-21T20:14:55.043,231.025,,,RECOVERING,0.0800,0.0000,False
2026-05-21T20:14:55.243,231.225,,,RECOVERING,0.0800,0.0000,False
2026-05-21T20:14:55.443,231.425,,,RECOVERING,0.0800,0.0000,False
2026-05-21T20:14:55.643,231.625,,,RECOVERING,0.0800,0.0000,False
2026-05-21T20:14:55.843,231.825,,"[{""timestamp"": ""2026-05-21T20:14:55"", ""content"": ""STOP"", ""bbox_area"": 9704.222015859094}]",RECOVERING,0.0800,0.0000,False
2026-05-21T20:14:56.043,232.025,STOP,,STOPPED,0.0000,0.0000,True
2026-05-21T20:14:56.243,232.225,,"[{""timestamp"": ""2026-05-21T20:14:56"", ""content"": ""STOP"", ""bbox_area"": 11179.715058698319}]",STOPPED,0.0000,0.0000,False
2026-05-21T20:14:56.443,232.425,,"[{""timestamp"": ""2026-05-21T20:14:56"", ""content"": ""STOP"", ""bbox_area"": 10659.891708374023}]",STOPPED,0.0000,0.0000,False
2026-05-21T20:14:56.643,232.625,,,STOPPED,0.0000,0.0000,False
2026-05-21T20:14:56.843,232.825,,,STOPPED,0.0000,0.0000,False
2026-05-21T20:14:57.043,233.025,,,STOPPED,0.0000,0.0000,False
2026-05-21T20:14:57.243,233.225,,,STOPPED,0.0000,0.0000,False
2026-05-21T20:14:57.443,233.425,,,STOPPED,0.0000,0.0000,False
2026-05-21T20:14:57.643,233.625,,,STOPPED,0.0000,0.0000,False
2026-05-21T20:14:57.843,233.825,,,STOPPED,0.0000,0.0000,False
2026-05-21T20:14:58.043,234.025,,,STOPPED,0.0000,0.0000,False
2026-05-21T20:14:58.243,234.225,,,STOPPED,0.0000,0.0000,False
2026-05-21T20:14:58.443,234.425,,,STOPPED,0.0000,0.0000,False
2026-05-21T20:14:58.643,234.625,,,STOPPED,0.0000,0.0000,False
2026-05-21T20:14:58.843,234.825,,,STOPPED,0.0000,0.0000,False
2026-05-21T20:14:59.043,235.025,,,STOPPED,0.0000,0.0000,False
2026-05-21T20:14:59.243,235.225,,,STOPPED,0.0000,0.0000,False
2026-05-21T20:14:59.443,235.425,,,STOPPED,0.0000,0.0000,False
2026-05-21T20:14:59.643,235.625,,,STOPPED,0.0000,0.0000,False
2026-05-21T20:14:59.843,235.825,,,STOPPED,0.0000,0.0000,False
2026-05-21T20:15:00.044,236.026,,,STOPPED,0.0000,0.0000,False
2026-05-21T20:15:00.243,236.225,,,STOPPED,0.0000,0.0000,False
2026-05-21T20:15:00.443,236.425,,,STOPPED,0.0000,0.0000,False
2026-05-21T20:15:00.643,236.625,,,STOPPED,0.0000,0.0000,False
2026-05-21T20:15:00.843,236.825,,,STOPPED,0.0000,0.0000,False
2026-05-21T20:15:01.043,237.025,,,STOPPED,0.0000,0.0000,False
2026-05-21T20:15:01.243,237.225,,,STOPPED,0.0000,0.0000,False
2026-05-21T20:15:01.443,237.425,,,STOPPED,0.0000,0.0000,False
2026-05-21T20:15:01.643,237.625,,,STOPPED,0.0000,0.0000,False
2026-05-21T20:15:01.843,237.825,GO,"[{""timestamp"": ""2026-05-21T20:15:01"", ""content"": ""GO"", ""bbox_area"": 7726.7478341683745}]",DRIVING,0.0800,0.0000,True
2026-05-21T20:15:02.043,238.025,,,DRIVING,0.0800,0.0000,False
2026-05-21T20:15:02.243,238.225,,,DRIVING,0.0800,0.0000,False
2026-05-21T20:15:02.443,238.425,,,DRIVING,0.0800,0.0000,False
2026-05-21T20:15:02.643,238.625,,,DRIVING,0.0800,0.0000,False
2026-05-21T20:15:02.843,238.825,,,DRIVING,0.0800,0.0000,False
2026-05-21T20:15:03.043,239.025,,,DRIVING,0.0800,0.0000,False
2026-05-21T20:15:03.243,239.225,,,DRIVING,0.0800,0.0000,False
2026-05-21T20:15:03.443,239.425,,,DRIVING,0.0800,0.0000,False
2026-05-21T20:15:03.643,239.625,,,DRIVING,0.0800,0.0000,False
2026-05-21T20:15:03.843,239.825,,,DRIVING,0.0800,0.0000,False
2026-05-21T20:15:04.043,240.025,,,DRIVING,0.0800,0.0000,False
2026-05-21T20:15:04.243,240.225,,,DRIVING,0.0800,0.0000,False
2026-05-21T20:15:04.443,240.425,,,DRIVING,0.0800,0.0000,False
2026-05-21T20:15:04.643,240.625,,,DRIVING,0.0800,0.0000,False
2026-05-21T20:15:04.843,240.825,,,RECOVERING,0.0800,0.0000,False
2026-05-21T20:15:05.043,241.025,,,RECOVERING,0.0800,0.0000,False
2026-05-21T20:15:05.243,241.225,,,RECOVERING,0.0800,0.0000,False
2026-05-21T20:15:05.443,241.425,,,RECOVERING,0.0800,0.0000,False
2026-05-21T20:15:05.643,241.625,,,RECOVERING,0.0800,0.0000,False
2026-05-21T20:15:05.843,241.825,,,RECOVERING,0.0800,0.0000,False
2026-05-21T20:15:06.043,242.025,,,RECOVERING,0.0800,0.0000,False
2026-05-21T20:15:06.243,242.225,,,RECOVERING,0.0800,0.0000,False
2026-05-21T20:15:06.443,242.425,,,RECOVERING,0.0800,0.0000,False
2026-05-21T20:15:06.643,242.625,,,RECOVERING,0.0800,0.0000,False
2026-05-21T20:15:06.843,242.825,STOP,"[{""timestamp"": ""2026-05-21T20:15:06"", ""content"": ""STOP"", ""bbox_area"": 12230.76010131836}]",RECOVERING,0.0800,0.0000,True
2026-05-21T20:15:07.043,243.025,,,STOPPED,0.0000,0.0000,False
2026-05-21T20:15:07.243,243.225,,"[{""timestamp"": ""2026-05-21T20:15:07"", ""content"": ""STOP"", ""bbox_area"": 12752.015518188477}]",STOPPED,0.0000,0.0000,False
2026-05-21T20:15:07.443,243.425,,,STOPPED,0.0000,0.0000,False
2026-05-21T20:15:07.643,243.625,,,STOPPED,0.0000,0.0000,False
2026-05-21T20:15:07.843,243.825,,,STOPPED,0.0000,0.0000,False
2026-05-21T20:15:08.043,244.025,,,STOPPED,0.0000,0.0000,False
2026-05-21T20:15:08.243,244.225,,,STOPPED,0.0000,0.0000,False
2026-05-21T20:15:08.443,244.425,,,STOPPED,0.0000,0.0000,False
2026-05-21T20:15:08.643,244.625,,,STOPPED,0.0000,0.0000,False
2026-05-21T20:15:08.843,244.825,,,STOPPED,0.0000,0.0000,False
2026-05-21T20:15:09.043,245.025,,,STOPPED,0.0000,0.0000,False
2026-05-21T20:15:09.243,245.225,,,STOPPED,0.0000,0.0000,False
2026-05-21T20:15:09.443,245.425,,,STOPPED,0.0000,0.0000,False
2026-05-21T20:15:09.643,245.625,,,STOPPED,0.0000,0.0000,False
2026-05-21T20:15:09.843,245.825,,,STOPPED,0.0000,0.0000,False
2026-05-21T20:15:10.043,246.025,,,STOPPED,0.0000,0.0000,False
2026-05-21T20:15:10.243,246.225,,,STOPPED,0.0000,0.0000,False
2026-05-21T20:15:10.443,246.425,,,STOPPED,0.0000,0.0000,False
2026-05-21T20:15:10.643,246.625,,,STOPPED,0.0000,0.0000,False
2026-05-21T20:15:10.843,246.825,,,STOPPED,0.0000,0.0000,False
2026-05-21T20:15:11.043,247.025,,,STOPPED,0.0000,0.0000,False
2026-05-21T20:15:11.243,247.225,,,STOPPED,0.0000,0.0000,False
2026-05-21T20:15:11.443,247.425,,,STOPPED,0.0000,0.0000,False
2026-05-21T20:15:11.643,247.625,,,STOPPED,0.0000,0.0000,False
2026-05-21T20:15:11.843,247.825,,,STOPPED,0.0000,0.0000,False
2026-05-21T20:15:12.043,248.025,,,STOPPED,0.0000,0.0000,False
2026-05-21T20:15:12.243,248.225,,,STOPPED,0.0000,0.0000,False
2026-05-21T20:15:12.443,248.425,,,STOPPED,0.0000,0.0000,False
2026-05-21T20:15:12.643,248.625,,,STOPPED,0.0000,0.0000,False
2026-05-21T20:15:12.843,248.825,,,STOPPED,0.0000,0.0000,False
2026-05-21T20:15:13.043,249.025,,,STOPPED,0.0000,0.0000,False
2026-05-21T20:15:13.243,249.225,,,STOPPED,0.0000,0.0000,False
2026-05-21T20:15:13.443,249.425,,,STOPPED,0.0000,0.0000,False
2026-05-21T20:15:13.643,249.625,,,STOPPED,0.0000,0.0000,False
2026-05-21T20:15:13.843,249.825,,,STOPPED,0.0000,0.0000,False
2026-05-21T20:15:14.043,250.025,,,STOPPED,0.0000,0.0000,False
2026-05-21T20:15:14.243,250.225,,,STOPPED,0.0000,0.0000,False
2026-05-21T20:15:14.443,250.425,,,STOPPED,0.0000,0.0000,False
2026-05-21T20:15:14.643,250.625,,,STOPPED,0.0000,0.0000,False
2026-05-21T20:15:14.843,250.825,,,STOPPED,0.0000,0.0000,False
2026-05-21T20:15:15.043,251.025,,,STOPPED,0.0000,0.0000,False
2026-05-21T20:15:15.243,251.225,,,STOPPED,0.0000,0.0000,False
2026-05-21T20:15:15.443,251.425,,,STOPPED,0.0000,0.0000,False
2026-05-21T20:15:15.643,251.625,,,STOPPED,0.0000,0.0000,False
2026-05-21T20:15:15.843,251.825,,,STOPPED,0.0000,0.0000,False
2026-05-21T20:15:16.043,252.025,,,STOPPED,0.0000,0.0000,False
2026-05-21T20:15:16.243,252.225,,,STOPPED,0.0000,0.0000,False
2026-05-21T20:15:16.444,252.426,,,STOPPED,0.0000,0.0000,False
2026-05-21T20:15:16.643,252.625,,,STOPPED,0.0000,0.0000,False
2026-05-21T20:15:16.843,252.825,,,STOPPED,0.0000,0.0000,False
2026-05-21T20:15:17.043,253.025,,,STOPPED,0.0000,0.0000,False
2026-05-21T20:15:17.243,253.225,,,STOPPED,0.0000,0.0000,False
2026-05-21T20:15:17.443,253.425,,,STOPPED,0.0000,0.0000,False
2026-05-21T20:15:17.643,253.625,,,STOPPED,0.0000,0.0000,False
2026-05-21T20:15:17.843,253.825,,,STOPPED,0.0000,0.0000,False
2026-05-21T20:15:18.043,254.025,,,STOPPED,0.0000,0.0000,False
2026-05-21T20:15:18.243,254.225,,,STOPPED,0.0000,0.0000,False
2026-05-21T20:15:18.443,254.425,GO,"[{""timestamp"": ""2026-05-21T20:15:18"", ""content"": ""GO"", ""bbox_area"": 8874.668083321303}]",DRIVING,0.0800,0.0000,True
2026-05-21T20:15:18.643,254.625,,"[{""timestamp"": ""2026-05-21T20:15:18"", ""content"": ""GO"", ""bbox_area"": 8969.090538024902}]",DRIVING,0.0800,0.0000,False
2026-05-21T20:15:18.843,254.825,,,DRIVING,0.0800,0.0000,False
2026-05-21T20:15:19.043,255.025,,,DRIVING,0.0800,0.0000,False
2026-05-21T20:15:19.243,255.225,,,DRIVING,0.0800,0.0000,False
2026-05-21T20:15:19.443,255.425,,,DRIVING,0.0800,0.0000,False
2026-05-21T20:15:19.643,255.625,,,DRIVING,0.0800,0.0000,False
2026-05-21T20:15:19.843,255.825,,,DRIVING,0.0800,0.0000,False
2026-05-21T20:15:20.043,256.025,,,DRIVING,0.0800,0.0000,False
2026-05-21T20:15:20.243,256.225,,,DRIVING,0.0800,0.0000,False
2026-05-21T20:15:20.443,256.425,,,DRIVING,0.0800,0.0000,False
2026-05-21T20:15:20.643,256.625,,,DRIVING,0.0800,0.0000,False
2026-05-21T20:15:20.843,256.825,,,DRIVING,0.0800,0.0000,False
2026-05-21T20:15:21.043,257.025,,,DRIVING,0.0800,0.0000,False
2026-05-21T20:15:21.243,257.225,,,DRIVING,0.0800,0.0000,False
2026-05-21T20:15:21.443,257.425,,,RECOVERING,0.0800,0.0000,False
2026-05-21T20:15:21.643,257.625,,,RECOVERING,0.0800,0.0000,False
2026-05-21T20:15:21.843,257.825,,,RECOVERING,0.0800,0.0000,False
2026-05-21T20:15:22.043,258.025,,,RECOVERING,0.0800,0.0000,False
2026-05-21T20:15:22.243,258.225,,,RECOVERING,0.0800,0.0000,False
2026-05-21T20:15:22.443,258.425,,,RECOVERING,0.0800,0.0000,False
2026-05-21T20:15:22.643,258.625,,,RECOVERING,0.0800,0.0000,False
2026-05-21T20:15:22.843,258.825,,,RECOVERING,0.0800,0.0000,False
2026-05-21T20:15:23.043,259.025,,,RECOVERING,0.0800,0.0000,False
2026-05-21T20:15:23.243,259.225,,,RECOVERING,0.0800,0.0000,False
2026-05-21T20:15:23.443,259.425,,,RECOVERING,0.0800,0.0000,False
2026-05-21T20:15:23.643,259.625,TURN_LEFT,"[{""timestamp"": ""2026-05-21T20:15:23"", ""content"": ""TURN_LEFT"", ""bbox_area"": 13146.069062885363}]",TURNING,0.0000,0.4000,True
2026-05-21T20:15:23.843,259.825,,"[{""timestamp"": ""2026-05-21T20:15:23"", ""content"": ""TURN_LEFT"", ""bbox_area"": 11730.938516860362}]",TURNING,0.0000,0.4000,False
2026-05-21T20:15:24.043,260.025,,,TURNING,0.0000,0.4000,False
2026-05-21T20:15:24.243,260.225,,,TURNING,0.0000,0.4000,False
2026-05-21T20:15:24.443,260.425,,,TURNING,0.0000,0.4000,False
2026-05-21T20:15:24.644,260.626,,,TURNING,0.0000,0.4000,False
2026-05-21T20:15:24.843,260.825,,,TURNING,0.0000,0.4000,False
2026-05-21T20:15:25.043,261.025,,,TURNING,0.0000,0.4000,False
2026-05-21T20:15:25.243,261.225,,,TURNING,0.0000,0.4000,False
2026-05-21T20:15:25.443,261.425,,,TURNING,0.0000,0.4000,False
2026-05-21T20:15:25.643,261.625,,,TURNING,0.0000,0.4000,False
2026-05-21T20:15:25.843,261.825,,,TURNING,0.0000,0.4000,False
2026-05-21T20:15:26.043,262.025,,,TURNING,0.0000,0.4000,False
2026-05-21T20:15:26.243,262.225,,,TURNING,0.0000,0.4000,False
2026-05-21T20:15:26.443,262.425,,,TURNING,0.0000,0.4000,False
2026-05-21T20:15:26.643,262.625,,,TURNING,0.0000,0.4000,False
2026-05-21T20:15:26.843,262.825,,,TURNING,0.0000,0.4000,False
2026-05-21T20:15:27.043,263.025,,,TURNING,0.0000,0.4000,False
2026-05-21T20:15:27.243,263.225,,,TURNING,0.0000,0.4000,False
2026-05-21T20:15:27.443,263.425,,,TURNING,0.0000,0.4000,False
2026-05-21T20:15:27.643,263.625,,,RECOVERING,0.0800,0.0000,False
2026-05-21T20:15:27.843,263.825,,,RECOVERING,0.0800,0.0000,False
2026-05-21T20:15:28.043,264.025,,,RECOVERING,0.0800,0.0000,False
2026-05-21T20:15:28.243,264.225,,,RECOVERING,0.0800,0.0000,False
2026-05-21T20:15:28.443,264.425,,,RECOVERING,0.0800,0.0000,False
2026-05-21T20:15:28.643,264.625,,,RECOVERING,0.0800,0.0000,False
2026-05-21T20:15:28.843,264.825,,,RECOVERING,0.0800,0.0000,False
2026-05-21T20:15:29.043,265.025,,,RECOVERING,0.0800,0.0000,False
2026-05-21T20:15:29.243,265.225,,,RECOVERING,0.0800,0.0000,False
2026-05-21T20:15:29.443,265.425,,,RECOVERING,0.0800,0.0000,False
2026-05-21T20:15:29.643,265.625,,,RECOVERING,0.0800,0.0000,False
2026-05-21T20:15:29.843,265.825,,,RECOVERING,0.0800,0.0000,False
2026-05-21T20:15:30.043,266.025,,,RECOVERING,0.0800,0.0000,False
2026-05-21T20:15:30.243,266.225,TURN_RIGHT,"[{""timestamp"": ""2026-05-21T20:15:30"", ""content"": ""TURN_RIGHT"", ""bbox_area"": 8548.034171011066}]",TURNING,0.0000,-0.4000,True
2026-05-21T20:15:30.443,266.425,,,TURNING,0.0000,-0.4000,False
2026-05-21T20:15:30.643,266.625,,"[{""timestamp"": ""2026-05-21T20:15:30"", ""content"": ""TURN_RIGHT"", ""bbox_area"": 8986.545866878703}]",TURNING,0.0000,-0.4000,False
2026-05-21T20:15:30.843,266.825,,,TURNING,0.0000,-0.4000,False
2026-05-21T20:15:31.043,267.025,,,TURNING,0.0000,-0.4000,False
2026-05-21T20:15:31.243,267.225,,,TURNING,0.0000,-0.4000,False
2026-05-21T20:15:31.443,267.425,,,TURNING,0.0000,-0.4000,False
2026-05-21T20:15:31.644,267.626,,,TURNING,0.0000,-0.4000,False
2026-05-21T20:15:31.843,267.825,,,TURNING,0.0000,-0.4000,False
2026-05-21T20:15:32.043,268.025,,,TURNING,0.0000,-0.4000,False
2026-05-21T20:15:32.243,268.225,,,TURNING,0.0000,-0.4000,False
2026-05-21T20:15:32.443,268.425,,,TURNING,0.0000,-0.4000,False
2026-05-21T20:15:32.643,268.625,,,TURNING,0.0000,-0.4000,False
2026-05-21T20:15:32.843,268.825,,,TURNING,0.0000,-0.4000,False
2026-05-21T20:15:33.043,269.025,,,TURNING,0.0000,-0.4000,False
2026-05-21T20:15:33.243,269.225,,,TURNING,0.0000,-0.4000,False
2026-05-21T20:15:33.443,269.425,,,TURNING,0.0000,-0.4000,False
2026-05-21T20:15:33.643,269.625,,,TURNING,0.0000,-0.4000,False
2026-05-21T20:15:33.843,269.825,,,TURNING,0.0000,-0.4000,False
2026-05-21T20:15:34.043,270.025,,,TURNING,0.0000,-0.4000,False
2026-05-21T20:15:34.243,270.225,,,RECOVERING,0.0800,0.0000,False
2026-05-21T20:15:34.443,270.425,,,RECOVERING,0.0800,0.0000,False
2026-05-21T20:15:34.643,270.625,,,RECOVERING,0.0800,0.0000,False
2026-05-21T20:15:34.843,270.825,,,RECOVERING,0.0800,0.0000,False
2026-05-21T20:15:35.043,271.025,,,RECOVERING,0.0800,0.0000,False
2026-05-21T20:15:35.243,271.225,,,RECOVERING,0.0800,0.0000,False
2026-05-21T20:15:35.443,271.425,U_TURN,"[{""timestamp"": ""2026-05-21T20:15:35"", ""content"": ""U_TURN"", ""bbox_area"": 4701.719596766867}]",TURNING,0.0800,0.0000,True
2026-05-21T20:15:35.643,271.625,,,TURNING,0.0000,0.4000,False
2026-05-21T20:15:35.843,271.825,,,TURNING,0.0000,0.4000,False
2026-05-21T20:15:36.043,272.025,,,TURNING,0.0000,0.4000,False
2026-05-21T20:15:36.243,272.225,,,TURNING,0.0000,0.4000,False
2026-05-21T20:15:36.443,272.425,,,TURNING,0.0000,0.4000,False
2026-05-21T20:15:36.643,272.625,,,TURNING,0.0000,0.4000,False
2026-05-21T20:15:36.843,272.825,,,TURNING,0.0000,0.4000,False
2026-05-21T20:15:37.043,273.025,,,TURNING,0.0000,0.4000,False
2026-05-21T20:15:37.243,273.225,,,TURNING,0.0000,0.4000,False
2026-05-21T20:15:37.443,273.425,,,TURNING,0.0000,0.4000,False
2026-05-21T20:15:37.643,273.625,,,TURNING,0.0000,0.4000,False
2026-05-21T20:15:37.843,273.825,,,TURNING,0.0000,0.4000,False
2026-05-21T20:15:38.043,274.025,,,TURNING,0.0000,0.4000,False
2026-05-21T20:15:38.243,274.225,,,TURNING,0.0000,0.4000,False
2026-05-21T20:15:38.443,274.425,,,TURNING,0.0000,0.4000,False
2026-05-21T20:15:38.643,274.625,,,TURNING,0.0000,0.4000,False
2026-05-21T20:15:38.843,274.825,,,TURNING,0.0000,0.4000,False
2026-05-21T20:15:39.043,275.025,,,TURNING,0.0000,0.4000,False
2026-05-21T20:15:39.243,275.225,,,TURNING,0.0000,0.4000,False
2026-05-21T20:15:39.443,275.425,,,TURNING,0.0000,0.4000,False
2026-05-21T20:15:39.643,275.625,,,TURNING,0.0000,0.4000,False
2026-05-21T20:15:39.843,275.825,,,TURNING,0.0000,0.4000,False
2026-05-21T20:15:40.043,276.025,,,TURNING,0.0000,0.4000,False
2026-05-21T20:15:40.243,276.225,,,TURNING,0.0000,0.4000,False
2026-05-21T20:15:40.443,276.425,,,TURNING,0.0000,0.4000,False
2026-05-21T20:15:40.643,276.625,,,TURNING,0.0000,0.4000,False
2026-05-21T20:15:40.843,276.825,,,TURNING,0.0000,0.4000,False
2026-05-21T20:15:41.043,277.025,,,TURNING,0.0000,0.4000,False
2026-05-21T20:15:41.243,277.225,,,TURNING,0.0000,0.4000,False
2026-05-21T20:15:41.443,277.425,,,TURNING,0.0000,0.4000,False
2026-05-21T20:15:41.643,277.625,,,TURNING,0.0000,0.4000,False
2026-05-21T20:15:41.843,277.825,,,TURNING,0.0000,0.4000,False
2026-05-21T20:15:42.044,278.026,,,TURNING,0.0000,0.4000,False
2026-05-21T20:15:42.243,278.225,,,TURNING,0.0000,0.4000,False
2026-05-21T20:15:42.443,278.425,,,TURNING,0.0000,0.4000,False
2026-05-21T20:15:42.643,278.625,,,TURNING,0.0000,0.4000,False
2026-05-21T20:15:42.843,278.825,,,TURNING,0.0000,0.4000,False
2026-05-21T20:15:43.043,279.025,,,TURNING,0.0000,0.4000,False
2026-05-21T20:15:43.243,279.225,,,TURNING,0.0000,0.4000,False
2026-05-21T20:15:43.443,279.425,,,TURNING,0.0000,0.4000,False
2026-05-21T20:15:43.643,279.625,,,RECOVERING,0.0800,0.0000,False
2026-05-21T20:15:43.843,279.825,,,RECOVERING,0.0800,0.0000,False
2026-05-21T20:15:44.043,280.025,,,RECOVERING,0.0800,0.0000,False
2026-05-21T20:15:44.243,280.225,,,RECOVERING,0.0800,0.0000,False
2026-05-21T20:15:44.443,280.425,,,RECOVERING,0.0800,0.0000,False
2026-05-21T20:15:44.643,280.625,,,RECOVERING,0.0800,0.0000,False
2026-05-21T20:15:44.843,280.825,,,RECOVERING,0.0800,0.0000,False
2026-05-21T20:15:45.043,281.025,,,RECOVERING,0.0800,0.0000,False
2026-05-21T20:15:45.243,281.225,,,RECOVERING,0.0800,0.0000,False
2026-05-21T20:15:45.443,281.425,,,RECOVERING,0.0800,0.0000,False
2026-05-21T20:15:45.643,281.625,,,RECOVERING,0.0800,0.0000,False
2026-05-21T20:15:45.843,281.825,,,RECOVERING,0.0800,0.0000,False
2026-05-21T20:15:46.043,282.025,,,RECOVERING,0.0800,0.0000,False
2026-05-21T20:15:46.243,282.225,,,RECOVERING,0.0800,0.0000,False
2026-05-21T20:15:46.443,282.425,,,RECOVERING,0.0800,0.0000,False
2026-05-21T20:15:46.643,282.625,,,RECOVERING,0.0800,0.0000,False
2026-05-21T20:15:46.843,282.825,,,RECOVERING,0.0800,0.0000,False
2026-05-21T20:15:47.043,283.025,SPEED_UP,"[{""timestamp"": ""2026-05-21T20:15:46"", ""content"": ""SPEED_UP"", ""bbox_area"": 5717.868416253943}]",DRIVING,0.1300,0.0000,True
2026-05-21T20:15:47.243,283.225,,,DRIVING,0.1300,0.0000,False
2026-05-21T20:15:47.443,283.425,,,DRIVING,0.1300,0.0000,False
2026-05-21T20:15:47.643,283.625,,,DRIVING,0.1300,0.0000,False
2026-05-21T20:15:47.843,283.825,,,DRIVING,0.1300,0.0000,False
2026-05-21T20:15:48.043,284.025,,,DRIVING,0.1300,0.0000,False
2026-05-21T20:15:48.243,284.225,,,DRIVING,0.1300,0.0000,False
2026-05-21T20:15:48.443,284.425,,,DRIVING,0.1300,0.0000,False
2026-05-21T20:15:48.643,284.625,,,DRIVING,0.1300,0.0000,False
2026-05-21T20:15:48.843,284.825,,,DRIVING,0.1300,0.0000,False
2026-05-21T20:15:49.043,285.025,,,DRIVING,0.1300,0.0000,False
2026-05-21T20:15:49.243,285.225,,,DRIVING,0.1300,0.0000,False
2026-05-21T20:15:49.443,285.425,,,DRIVING,0.1300,0.0000,False
2026-05-21T20:15:49.643,285.625,,,DRIVING,0.1300,0.0000,False
2026-05-21T20:15:49.843,285.825,,,DRIVING,0.1300,0.0000,False
2026-05-21T20:15:50.043,286.025,,,RECOVERING,0.1300,0.0000,False
2026-05-21T20:15:50.243,286.225,,,RECOVERING,0.1300,0.0000,False
2026-05-21T20:15:50.443,286.425,,,RECOVERING,0.1300,0.0000,False
2026-05-21T20:15:50.643,286.625,,,RECOVERING,0.1300,0.0000,False
2026-05-21T20:15:50.843,286.825,,,RECOVERING,0.1300,0.0000,False
2026-05-21T20:15:51.043,287.025,,,RECOVERING,0.1300,0.0000,False
2026-05-21T20:15:51.243,287.225,,,RECOVERING,0.1300,0.0000,False
2026-05-21T20:15:51.443,287.425,,,RECOVERING,0.1300,0.0000,False
2026-05-21T20:15:51.643,287.625,,,RECOVERING,0.1300,0.0000,False
2026-05-21T20:15:51.843,287.825,,,RECOVERING,0.1300,0.0000,False
2026-05-21T20:15:52.043,288.025,,,RECOVERING,0.1300,0.0000,False
2026-05-21T20:15:52.243,288.225,,,RECOVERING,0.1300,0.0000,False
2026-05-21T20:15:52.443,288.425,,,RECOVERING,0.1300,0.0000,False
2026-05-21T20:15:52.643,288.625,,,RECOVERING,0.1300,0.0000,False
2026-05-21T20:15:52.843,288.825,SPEED_DOWN,"[{""timestamp"": ""2026-05-21T20:15:52"", ""content"": ""SPEED_DOWN"", ""bbox_area"": 11542.495746061904}]",DRIVING,0.0800,0.0000,True
2026-05-21T20:15:53.043,289.025,,,DRIVING,0.0800,0.0000,False
2026-05-21T20:15:53.243,289.225,,"[{""timestamp"": ""2026-05-21T20:15:53"", ""content"": ""SPEED_DOWN"", ""bbox_area"": 13887.68631594861}]",DRIVING,0.0800,0.0000,False
2026-05-21T20:15:53.443,289.425,,,DRIVING,0.0800,0.0000,False
2026-05-21T20:15:53.643,289.625,,,DRIVING,0.0800,0.0000,False
2026-05-21T20:15:53.843,289.825,,,DRIVING,0.0800,0.0000,False
2026-05-21T20:15:54.043,290.025,,,DRIVING,0.0800,0.0000,False
2026-05-21T20:15:54.243,290.225,,,DRIVING,0.0800,0.0000,False
2026-05-21T20:15:54.443,290.425,,,DRIVING,0.0800,0.0000,False
2026-05-21T20:15:54.643,290.625,,,DRIVING,0.0800,0.0000,False
2026-05-21T20:15:54.843,290.825,,,DRIVING,0.0800,0.0000,False
2026-05-21T20:15:55.043,291.025,,,DRIVING,0.0800,0.0000,False
2026-05-21T20:15:55.243,291.225,,,DRIVING,0.0800,0.0000,False
2026-05-21T20:15:55.443,291.425,,,DRIVING,0.0800,0.0000,False
2026-05-21T20:15:55.643,291.625,,,DRIVING,0.0800,0.0000,False
2026-05-21T20:15:55.843,291.825,,,RECOVERING,0.0800,0.0000,False
2026-05-21T20:15:56.043,292.025,,,RECOVERING,0.0800,0.0000,False
2026-05-21T20:15:56.243,292.225,,,RECOVERING,0.0800,0.0000,False
2026-05-21T20:15:56.443,292.425,,,RECOVERING,0.0800,0.0000,False
2026-05-21T20:15:56.643,292.625,,,RECOVERING,0.0800,0.0000,False
2026-05-21T20:15:56.843,292.825,STOP,"[{""timestamp"": ""2026-05-21T20:15:56"", ""content"": ""STOP"", ""bbox_area"": 11750.338745117188}]",STOPPED,0.0000,0.0000,True
2026-05-21T20:15:57.043,293.025,,,STOPPED,0.0000,0.0000,False
2026-05-21T20:15:57.243,293.225,,,STOPPED,0.0000,0.0000,False
2026-05-21T20:15:57.443,293.425,,,STOPPED,0.0000,0.0000,False
2026-05-21T20:15:57.643,293.625,,,STOPPED,0.0000,0.0000,False
2026-05-21T20:15:57.843,293.825,,,STOPPED,0.0000,0.0000,False
2026-05-21T20:15:58.043,294.025,,,STOPPED,0.0000,0.0000,False
2026-05-21T20:15:58.243,294.225,,,STOPPED,0.0000,0.0000,False
2026-05-21T20:15:58.443,294.425,,,STOPPED,0.0000,0.0000,False
2026-05-21T20:15:58.643,294.625,,,STOPPED,0.0000,0.0000,False
2026-05-21T20:15:58.843,294.825,,,STOPPED,0.0000,0.0000,False
2026-05-21T20:15:59.043,295.025,,,STOPPED,0.0000,0.0000,False
2026-05-21T20:15:59.243,295.225,,,STOPPED,0.0000,0.0000,False
2026-05-21T20:15:59.443,295.425,,,STOPPED,0.0000,0.0000,False
2026-05-21T20:15:59.643,295.625,,,STOPPED,0.0000,0.0000,False
2026-05-21T20:15:59.843,295.825,,,STOPPED,0.0000,0.0000,False
2026-05-21T20:16:00.043,296.025,,,STOPPED,0.0000,0.0000,False
2026-05-21T20:16:00.243,296.225,,,STOPPED,0.0000,0.0000,False
2026-05-21T20:16:00.443,296.425,,,STOPPED,0.0000,0.0000,False
2026-05-21T20:16:00.643,296.625,,,STOPPED,0.0000,0.0000,False
2026-05-21T20:16:00.844,296.826,,,STOPPED,0.0000,0.0000,False
2026-05-21T20:16:01.043,297.025,,,STOPPED,0.0000,0.0000,False
2026-05-21T20:16:01.243,297.225,,,STOPPED,0.0000,0.0000,False
2026-05-21T20:16:01.443,297.425,,,STOPPED,0.0000,0.0000,False
2026-05-21T20:16:01.643,297.625,,,STOPPED,0.0000,0.0000,False
2026-05-21T20:16:01.843,297.825,,,STOPPED,0.0000,0.0000,False
2026-05-21T20:16:02.043,298.025,,,STOPPED,0.0000,0.0000,False
2026-05-21T20:16:02.243,298.225,,,STOPPED,0.0000,0.0000,False
2026-05-21T20:16:02.443,298.425,,,STOPPED,0.0000,0.0000,False
2026-05-21T20:16:02.643,298.625,,,STOPPED,0.0000,0.0000,False
2026-05-21T20:16:02.843,298.825,,,STOPPED,0.0000,0.0000,False
2026-05-21T20:16:03.047,299.029,,,STOPPED,0.0000,0.0000,False
2026-05-21T20:16:03.243,299.225,,,STOPPED,0.0000,0.0000,False
2026-05-21T20:16:03.443,299.425,,,STOPPED,0.0000,0.0000,False
2026-05-21T20:16:03.643,299.625,,,STOPPED,0.0000,0.0000,False
2026-05-21T20:16:03.843,299.825,,,STOPPED,0.0000,0.0000,False
2026-05-21T20:16:04.043,300.025,,,STOPPED,0.0000,0.0000,False
2026-05-21T20:16:04.243,300.225,,,STOPPED,0.0000,0.0000,False
2026-05-21T20:16:04.443,300.425,,,STOPPED,0.0000,0.0000,False
2026-05-21T20:16:04.643,300.625,,,STOPPED,0.0000,0.0000,False
2026-05-21T20:16:04.843,300.825,,,STOPPED,0.0000,0.0000,False
2026-05-21T20:16:05.043,301.025,,,STOPPED,0.0000,0.0000,False
2026-05-21T20:16:05.243,301.225,,,STOPPED,0.0000,0.0000,False
2026-05-21T20:16:05.443,301.425,,,STOPPED,0.0000,0.0000,False
2026-05-21T20:16:05.643,301.625,,,STOPPED,0.0000,0.0000,False
2026-05-21T20:16:05.843,301.825,,,STOPPED,0.0000,0.0000,False
2026-05-21T20:16:06.043,302.025,,,STOPPED,0.0000,0.0000,False
2026-05-21T20:16:06.243,302.225,,,STOPPED,0.0000,0.0000,False
2026-05-21T20:16:06.443,302.425,,,STOPPED,0.0000,0.0000,False
2026-05-21T20:16:06.643,302.625,,,STOPPED,0.0000,0.0000,False
2026-05-21T20:16:06.844,302.826,,,STOPPED,0.0000,0.0000,False
2026-05-21T20:16:07.043,303.025,,,STOPPED,0.0000,0.0000,False
2026-05-21T20:16:07.243,303.225,,,STOPPED,0.0000,0.0000,False
2026-05-21T20:16:07.443,303.425,,,STOPPED,0.0000,0.0000,False
2026-05-21T20:16:07.643,303.625,,,STOPPED,0.0000,0.0000,False
2026-05-21T20:16:07.843,303.825,,,STOPPED,0.0000,0.0000,False
2026-05-21T20:16:08.043,304.025,,,STOPPED,0.0000,0.0000,False
2026-05-21T20:16:08.243,304.225,,,STOPPED,0.0000,0.0000,False
2026-05-21T20:16:08.443,304.425,,,STOPPED,0.0000,0.0000,False
2026-05-21T20:16:08.643,304.625,,,STOPPED,0.0000,0.0000,False
2026-05-21T20:16:08.843,304.825,,,STOPPED,0.0000,0.0000,False
2026-05-21T20:16:09.043,305.025,,,STOPPED,0.0000,0.0000,False
2026-05-21T20:16:09.243,305.225,,,STOPPED,0.0000,0.0000,False
2026-05-21T20:16:09.443,305.425,,,STOPPED,0.0000,0.0000,False
2026-05-21T20:16:09.643,305.625,,,STOPPED,0.0000,0.0000,False
2026-05-21T20:16:09.843,305.825,,,STOPPED,0.0000,0.0000,False
2026-05-21T20:16:10.043,306.025,,,STOPPED,0.0000,0.0000,False
2026-05-21T20:16:10.244,306.226,,,STOPPED,0.0000,0.0000,False
2026-05-21T20:16:10.443,306.425,,,STOPPED,0.0000,0.0000,False
2026-05-21T20:16:10.643,306.625,,,STOPPED,0.0000,0.0000,False
2026-05-21T20:16:10.843,306.825,,,STOPPED,0.0000,0.0000,False
2026-05-21T20:16:11.043,307.025,,,STOPPED,0.0000,0.0000,False
2026-05-21T20:16:11.243,307.225,,,STOPPED,0.0000,0.0000,False
2026-05-21T20:16:11.443,307.425,,,STOPPED,0.0000,0.0000,False
2026-05-21T20:16:11.643,307.625,,,STOPPED,0.0000,0.0000,False
2026-05-21T20:16:11.843,307.825,,,STOPPED,0.0000,0.0000,False
2026-05-21T20:16:12.043,308.025,,,STOPPED,0.0000,0.0000,False
2026-05-21T20:16:12.243,308.225,,,STOPPED,0.0000,0.0000,False
2026-05-21T20:16:12.443,308.425,,,STOPPED,0.0000,0.0000,False
2026-05-21T20:16:12.643,308.625,,,STOPPED,0.0000,0.0000,False
2026-05-21T20:16:12.843,308.825,,,STOPPED,0.0000,0.0000,False
2026-05-21T20:16:13.043,309.025,,,STOPPED,0.0000,0.0000,False
2026-05-21T20:16:13.244,309.226,,,STOPPED,0.0000,0.0000,False
2026-05-21T20:16:13.443,309.425,,,STOPPED,0.0000,0.0000,False
2026-05-21T20:16:13.643,309.625,,,STOPPED,0.0000,0.0000,False
2026-05-21T20:16:13.843,309.825,,,STOPPED,0.0000,0.0000,False
2026-05-21T20:16:14.043,310.025,,,STOPPED,0.0000,0.0000,False
2026-05-21T20:16:14.243,310.225,,,STOPPED,0.0000,0.0000,False
2026-05-21T20:16:14.443,310.425,,,STOPPED,0.0000,0.0000,False
2026-05-21T20:16:14.643,310.625,,,STOPPED,0.0000,0.0000,False
2026-05-21T20:16:14.843,310.825,,,STOPPED,0.0000,0.0000,False
2026-05-21T20:16:15.043,311.025,,,STOPPED,0.0000,0.0000,False
2026-05-21T20:16:15.243,311.225,GO,"[{""timestamp"": ""2026-05-21T20:16:15"", ""content"": ""GO"", ""bbox_area"": 9751.882301613223}]",DRIVING,0.0800,0.0000,True
2026-05-21T20:16:15.443,311.425,,"[{""timestamp"": ""2026-05-21T20:16:15"", ""content"": ""GO"", ""bbox_area"": 9539.906972170342}]",DRIVING,0.0800,0.0000,False
2026-05-21T20:16:15.643,311.625,,,DRIVING,0.0800,0.0000,False
2026-05-21T20:16:15.843,311.825,,,DRIVING,0.0800,0.0000,False
2026-05-21T20:16:16.043,312.025,,,DRIVING,0.0800,0.0000,False
2026-05-21T20:16:16.243,312.225,,,DRIVING,0.0800,0.0000,False
2026-05-21T20:16:16.443,312.425,,,DRIVING,0.0800,0.0000,False
2026-05-21T20:16:16.643,312.625,,,DRIVING,0.0800,0.0000,False
2026-05-21T20:16:16.843,312.825,,,DRIVING,0.0800,0.0000,False
2026-05-21T20:16:17.043,313.025,,,DRIVING,0.0800,0.0000,False
2026-05-21T20:16:17.243,313.225,,,DRIVING,0.0800,0.0000,False
2026-05-21T20:16:17.443,313.425,,,DRIVING,0.0800,0.0000,False
2026-05-21T20:16:17.643,313.625,,,DRIVING,0.0800,0.0000,False
2026-05-21T20:16:17.843,313.825,,,DRIVING,0.0800,0.0000,False
2026-05-21T20:16:18.043,314.025,,,DRIVING,0.0800,0.0000,False
2026-05-21T20:16:18.243,314.225,,,RECOVERING,0.0800,0.0000,False
2026-05-21T20:16:18.443,314.425,,,RECOVERING,0.0800,0.0000,False
2026-05-21T20:16:18.643,314.625,,,RECOVERING,0.0800,0.0000,False
2026-05-21T20:16:18.843,314.825,,,RECOVERING,0.0800,0.0000,False
2026-05-21T20:16:19.043,315.025,,,RECOVERING,0.0800,0.0000,False
2026-05-21T20:16:19.243,315.225,,,RECOVERING,0.0800,0.0000,False
2026-05-21T20:16:19.443,315.425,,,RECOVERING,0.0800,0.0000,False
2026-05-21T20:16:19.643,315.625,,,RECOVERING,0.0800,0.0000,False
2026-05-21T20:16:19.843,315.825,,,RECOVERING,0.0800,0.0000,False
2026-05-21T20:16:20.043,316.025,,,RECOVERING,0.0800,0.0000,False
2026-05-21T20:16:20.243,316.225,,,RECOVERING,0.0800,0.0000,False
2026-05-21T20:16:20.443,316.425,,,RECOVERING,0.0800,0.0000,False
2026-05-21T20:16:20.644,316.626,,,RECOVERING,0.0800,0.0000,False
2026-05-21T20:16:20.843,316.825,,,RECOVERING,0.0800,0.0000,False
2026-05-21T20:16:21.043,317.025,,,RECOVERING,0.0800,0.0000,False
2026-05-21T20:16:21.243,317.225,,,RECOVERING,0.0800,0.0000,False
2026-05-21T20:16:21.443,317.425,,,RECOVERING,0.0800,0.0000,False
2026-05-21T20:16:21.643,317.625,,,RECOVERING,0.0800,0.0000,False
2026-05-21T20:16:21.843,317.825,,,RECOVERING,0.0800,0.0000,False
2026-05-21T20:16:22.043,318.025,,,RECOVERING,0.0800,0.0000,False
2026-05-21T20:16:22.243,318.225,,,RECOVERING,0.0800,0.0000,False
2026-05-21T20:16:22.443,318.425,,,RECOVERING,0.0800,0.0000,False
2026-05-21T20:16:22.643,318.625,,,RECOVERING,0.0800,0.0000,False
2026-05-21T20:16:22.843,318.825,,,RECOVERING,0.0800,0.0000,False
2026-05-21T20:16:23.043,319.025,,,RECOVERING,0.0800,0.0000,False
2026-05-21T20:16:23.243,319.225,,,RECOVERING,0.0800,0.0000,False
2026-05-21T20:16:23.443,319.425,,,RECOVERING,0.0800,0.0000,False
2026-05-21T20:16:23.643,319.625,,,RECOVERING,0.0800,0.0000,False
2026-05-21T20:16:23.843,319.825,,,RECOVERING,0.0800,0.0000,False
2026-05-21T20:16:24.043,320.025,,,RECOVERING,0.0800,0.0000,False
2026-05-21T20:16:24.243,320.225,,,RECOVERING,0.0800,0.0000,False
2026-05-21T20:16:24.443,320.425,,,RECOVERING,0.0800,0.0000,False
2026-05-21T20:16:24.643,320.625,,,RECOVERING,0.0800,0.0000,False
2026-05-21T20:16:24.843,320.825,,,RECOVERING,0.0800,0.0000,False
2026-05-21T20:16:25.043,321.025,,,RECOVERING,0.0800,0.0000,False
2026-05-21T20:16:25.244,321.226,,,RECOVERING,0.0800,0.0000,False
2026-05-21T20:16:25.443,321.425,STOP,"[{""timestamp"": ""2026-05-21T20:16:25"", ""content"": ""STOP"", ""bbox_area"": 9901.333902336191}]",STOPPED,0.0000,0.0000,True
2026-05-21T20:16:25.643,321.625,,,STOPPED,0.0000,0.0000,False
2026-05-21T20:16:25.843,321.825,,"[{""timestamp"": ""2026-05-21T20:16:25"", ""content"": ""STOP"", ""bbox_area"": 9639.15446472168}]",STOPPED,0.0000,0.0000,False
2026-05-21T20:16:26.043,322.025,,"[{""timestamp"": ""2026-05-21T20:16:25"", ""content"": ""STOP"", ""bbox_area"": 8646.19437870523}]",STOPPED,0.0000,0.0000,False
2026-05-21T20:16:26.243,322.225,,,STOPPED,0.0000,0.0000,False
2026-05-21T20:16:26.443,322.425,,,STOPPED,0.0000,0.0000,False
2026-05-21T20:16:26.643,322.625,,,STOPPED,0.0000,0.0000,False
2026-05-21T20:16:26.843,322.825,,,STOPPED,0.0000,0.0000,False
2026-05-21T20:16:27.043,323.025,,,STOPPED,0.0000,0.0000,False
2026-05-21T20:16:27.243,323.225,,,STOPPED,0.0000,0.0000,False
2026-05-21T20:16:27.443,323.425,,,STOPPED,0.0000,0.0000,False
2026-05-21T20:16:27.643,323.625,,,STOPPED,0.0000,0.0000,False
2026-05-21T20:16:27.843,323.825,,,STOPPED,0.0000,0.0000,False
2026-05-21T20:16:28.043,324.025,,,STOPPED,0.0000,0.0000,False
2026-05-21T20:16:28.243,324.225,,,STOPPED,0.0000,0.0000,False
2026-05-21T20:16:28.444,324.426,,,STOPPED,0.0000,0.0000,False
2026-05-21T20:16:28.643,324.625,,,STOPPED,0.0000,0.0000,False
2026-05-21T20:16:28.843,324.825,,,STOPPED,0.0000,0.0000,False
2026-05-21T20:16:29.043,325.025,,,STOPPED,0.0000,0.0000,False
2026-05-21T20:16:29.243,325.225,,,STOPPED,0.0000,0.0000,False
2026-05-21T20:16:29.443,325.425,,,STOPPED,0.0000,0.0000,False
2026-05-21T20:16:29.643,325.625,,,STOPPED,0.0000,0.0000,False
2026-05-21T20:16:29.843,325.825,,,STOPPED,0.0000,0.0000,False
2026-05-21T20:16:30.043,326.025,,,STOPPED,0.0000,0.0000,False
2026-05-21T20:16:30.243,326.225,,,STOPPED,0.0000,0.0000,False
2026-05-21T20:16:30.443,326.425,,,STOPPED,0.0000,0.0000,False
2026-05-21T20:16:30.643,326.625,,,STOPPED,0.0000,0.0000,False
2026-05-21T20:16:30.843,326.825,,,STOPPED,0.0000,0.0000,False
2026-05-21T20:16:31.043,327.025,,,STOPPED,0.0000,0.0000,False
2026-05-21T20:16:31.243,327.225,GO,"[{""timestamp"": ""2026-05-21T20:16:31"", ""content"": ""GO"", ""bbox_area"": 7476.633816592861}]",DRIVING,0.0800,0.0000,True
2026-05-21T20:16:31.443,327.425,,"[{""timestamp"": ""2026-05-21T20:16:31"", ""content"": ""GO"", ""bbox_area"": 5411.50798836723}]",DRIVING,0.0800,0.0000,False
2026-05-21T20:16:31.643,327.625,,,DRIVING,0.0800,0.0000,False
2026-05-21T20:16:31.843,327.825,,,DRIVING,0.0800,0.0000,False
2026-05-21T20:16:32.043,328.025,,,DRIVING,0.0800,0.0000,False
2026-05-21T20:16:32.243,328.225,,,DRIVING,0.0800,0.0000,False
2026-05-21T20:16:32.443,328.425,,,DRIVING,0.0800,0.0000,False
2026-05-21T20:16:32.643,328.625,,,DRIVING,0.0800,0.0000,False
2026-05-21T20:16:32.843,328.825,,,DRIVING,0.0800,0.0000,False
2026-05-21T20:16:33.043,329.025,,,DRIVING,0.0800,0.0000,False
2026-05-21T20:16:33.243,329.225,,,DRIVING,0.0800,0.0000,False
2026-05-21T20:16:33.443,329.425,,,DRIVING,0.0800,0.0000,False
2026-05-21T20:16:33.643,329.625,,,DRIVING,0.0800,0.0000,False
2026-05-21T20:16:33.843,329.825,,,DRIVING,0.0800,0.0000,False
2026-05-21T20:16:34.043,330.025,,,DRIVING,0.0800,0.0000,False
2026-05-21T20:16:34.243,330.225,,,RECOVERING,0.0800,0.0000,False
2026-05-21T20:16:34.443,330.425,,,RECOVERING,0.0800,0.0000,False
2026-05-21T20:16:34.643,330.625,,,RECOVERING,0.0800,0.0000,False
2026-05-21T20:16:34.843,330.825,,,RECOVERING,0.0800,0.0000,False
2026-05-21T20:16:35.043,331.025,,,RECOVERING,0.0800,0.0000,False
2026-05-21T20:16:35.243,331.225,,,RECOVERING,0.0800,0.0000,False
2026-05-21T20:16:35.443,331.425,,,RECOVERING,0.0800,0.0000,False
2026-05-21T20:16:35.643,331.625,,,RECOVERING,0.0800,0.0000,False
2026-05-21T20:16:35.843,331.825,,,RECOVERING,0.0800,0.0000,False
2026-05-21T20:16:36.043,332.025,,,RECOVERING,0.0800,0.0000,False
2026-05-21T20:16:36.243,332.225,,,RECOVERING,0.0800,0.0000,False
2026-05-21T20:16:36.443,332.425,,,RECOVERING,0.0800,0.0000,False
2026-05-21T20:16:36.643,332.625,,,RECOVERING,0.0800,0.0000,False
2026-05-21T20:16:36.843,332.825,,,RECOVERING,0.0800,0.0000,False
2026-05-21T20:16:37.043,333.025,,,RECOVERING,0.0800,0.0000,False
2026-05-21T20:16:37.243,333.225,,,RECOVERING,0.0800,0.0000,False
2026-05-21T20:16:37.443,333.425,,,RECOVERING,0.0800,0.0000,False
2026-05-21T20:16:37.643,333.625,,,RECOVERING,0.0800,0.0000,False
2026-05-21T20:16:37.843,333.825,,,RECOVERING,0.0800,0.0000,False
2026-05-21T20:16:38.043,334.025,,,RECOVERING,0.0800,0.0000,False
2026-05-21T20:16:38.243,334.225,,,RECOVERING,0.0800,0.0000,False
2026-05-21T20:16:38.443,334.425,TURN_LEFT,"[{""timestamp"": ""2026-05-21T20:16:38"", ""content"": ""TURN_LEFT"", ""bbox_area"": 11095.781265231315}]",TURNING,0.0000,0.4000,True
2026-05-21T20:16:38.643,334.625,,"[{""timestamp"": ""2026-05-21T20:16:38"", ""content"": ""TURN_LEFT"", ""bbox_area"": 12918.203682813793}]",TURNING,0.0000,0.4000,False
2026-05-21T20:16:38.843,334.825,,,TURNING,0.0000,0.4000,False
2026-05-21T20:16:39.043,335.025,,,TURNING,0.0000,0.4000,False
2026-05-21T20:16:39.243,335.225,,,TURNING,0.0000,0.4000,False
2026-05-21T20:16:39.443,335.425,,,TURNING,0.0000,0.4000,False
2026-05-21T20:16:39.643,335.625,,,TURNING,0.0000,0.4000,False
2026-05-21T20:16:39.843,335.825,,,TURNING,0.0000,0.4000,False
2026-05-21T20:16:40.043,336.025,,,TURNING,0.0000,0.4000,False
2026-05-21T20:16:40.243,336.225,,,TURNING,0.0000,0.4000,False
2026-05-21T20:16:40.443,336.425,,,TURNING,0.0000,0.4000,False
2026-05-21T20:16:40.643,336.625,,,TURNING,0.0000,0.4000,False
2026-05-21T20:16:40.843,336.825,,,TURNING,0.0000,0.4000,False
2026-05-21T20:16:41.043,337.025,,,TURNING,0.0000,0.4000,False
2026-05-21T20:16:41.243,337.225,,,TURNING,0.0000,0.4000,False
2026-05-21T20:16:41.443,337.425,,,TURNING,0.0000,0.4000,False
2026-05-21T20:16:41.643,337.625,,,TURNING,0.0000,0.4000,False
2026-05-21T20:16:41.843,337.825,,,TURNING,0.0000,0.4000,False
2026-05-21T20:16:42.043,338.025,,,TURNING,0.0000,0.4000,False
2026-05-21T20:16:42.243,338.225,,,TURNING,0.0000,0.4000,False
2026-05-21T20:16:42.443,338.425,,,RECOVERING,0.0800,0.0000,False
2026-05-21T20:16:42.643,338.625,,,RECOVERING,0.0800,0.0000,False
2026-05-21T20:16:42.843,338.825,,,RECOVERING,0.0800,0.0000,False
2026-05-21T20:16:43.043,339.025,,,RECOVERING,0.0800,0.0000,False
2026-05-21T20:16:43.243,339.225,,,RECOVERING,0.0800,0.0000,False
2026-05-21T20:16:43.443,339.425,,,RECOVERING,0.0800,0.0000,False
2026-05-21T20:16:43.643,339.625,,,RECOVERING,0.0800,0.0000,False
2026-05-21T20:16:43.843,339.825,,,RECOVERING,0.0800,0.0000,False
2026-05-21T20:16:44.043,340.025,,,RECOVERING,0.0800,0.0000,False
2026-05-21T20:16:44.243,340.225,,,RECOVERING,0.0800,0.0000,False
2026-05-21T20:16:44.443,340.425,,,RECOVERING,0.0800,0.0000,False
2026-05-21T20:16:44.643,340.625,,,RECOVERING,0.0800,0.0000,False
2026-05-21T20:16:44.843,340.825,,,RECOVERING,0.0800,0.0000,False
2026-05-21T20:16:45.043,341.025,,,RECOVERING,0.0800,0.0000,False
2026-05-21T20:16:45.243,341.225,,,RECOVERING,0.0800,0.0000,False
2026-05-21T20:16:45.443,341.425,,,RECOVERING,0.0800,0.0000,False
2026-05-21T20:16:45.643,341.625,,,RECOVERING,0.0800,0.0000,False
2026-05-21T20:16:45.843,341.825,TURN_RIGHT,"[{""timestamp"": ""2026-05-21T20:16:45"", ""content"": ""TURN_RIGHT"", ""bbox_area"": 15365.309793178923}]",TURNING,0.0000,-0.4000,True
2026-05-21T20:16:46.043,342.025,,"[{""timestamp"": ""2026-05-21T20:16:45"", ""content"": ""TURN_RIGHT"", ""bbox_area"": 16118.996643066406}]",TURNING,0.0000,-0.4000,False
2026-05-21T20:16:46.243,342.225,,"[{""timestamp"": ""2026-05-21T20:16:46"", ""content"": ""TURN_RIGHT"", ""bbox_area"": 17142.5947265625}]",TURNING,0.0000,-0.4000,False
2026-05-21T20:16:46.443,342.425,,,TURNING,0.0000,-0.4000,False
2026-05-21T20:16:46.643,342.625,,,TURNING,0.0000,-0.4000,False
2026-05-21T20:16:46.843,342.825,,,TURNING,0.0000,-0.4000,False
2026-05-21T20:16:47.043,343.025,,,TURNING,0.0000,-0.4000,False
2026-05-21T20:16:47.243,343.225,,,TURNING,0.0000,-0.4000,False
2026-05-21T20:16:47.443,343.425,,,TURNING,0.0000,-0.4000,False
2026-05-21T20:16:47.643,343.625,,,TURNING,0.0000,-0.4000,False
2026-05-21T20:16:47.843,343.825,,,TURNING,0.0000,-0.4000,False
2026-05-21T20:16:48.043,344.025,,,TURNING,0.0000,-0.4000,False
2026-05-21T20:16:48.243,344.225,,,TURNING,0.0000,-0.4000,False
2026-05-21T20:16:48.443,344.425,,,TURNING,0.0000,-0.4000,False
2026-05-21T20:16:48.643,344.625,,,TURNING,0.0000,-0.4000,False
2026-05-21T20:16:48.843,344.825,,,TURNING,0.0000,-0.4000,False
2026-05-21T20:16:49.043,345.025,,,TURNING,0.0000,-0.4000,False
2026-05-21T20:16:49.243,345.225,,,TURNING,0.0000,-0.4000,False
2026-05-21T20:16:49.443,345.425,,,TURNING,0.0000,-0.4000,False
2026-05-21T20:16:49.643,345.625,,,TURNING,0.0000,-0.4000,False
2026-05-21T20:16:49.843,345.825,,,DRIVING,0.0800,0.0000,False
2026-05-21T20:16:50.043,346.025,,,RECOVERING,0.0800,0.0000,False
2026-05-21T20:16:50.243,346.225,,,RECOVERING,0.0800,0.0000,False
2026-05-21T20:16:50.443,346.425,,,RECOVERING,0.0800,0.0000,False
2026-05-21T20:16:50.643,346.625,,,RECOVERING,0.0800,0.0000,False
2026-05-21T20:16:50.843,346.825,,,RECOVERING,0.0800,0.0000,False
2026-05-21T20:16:51.043,347.025,,,RECOVERING,0.0800,0.0000,False
2026-05-21T20:16:51.243,347.225,,,RECOVERING,0.0800,0.0000,False
2026-05-21T20:16:51.443,347.425,,,RECOVERING,0.0800,0.0000,False
2026-05-21T20:16:51.643,347.625,,,RECOVERING,0.0800,0.0000,False
2026-05-21T20:16:51.843,347.825,,,RECOVERING,0.0800,0.0000,False
2026-05-21T20:16:52.043,348.025,,,RECOVERING,0.0800,0.0000,False
2026-05-21T20:16:52.243,348.225,,,RECOVERING,0.0800,0.0000,False
2026-05-21T20:16:52.443,348.425,,,RECOVERING,0.0800,0.0000,False
2026-05-21T20:16:52.643,348.625,,,RECOVERING,0.0800,0.0000,False
2026-05-21T20:16:52.843,348.825,,,RECOVERING,0.0800,0.0000,False
2026-05-21T20:16:53.043,349.025,,,RECOVERING,0.0800,0.0000,False
2026-05-21T20:16:53.243,349.225,,,RECOVERING,0.0800,0.0000,False
2026-05-21T20:16:53.443,349.425,,,RECOVERING,0.0800,0.0000,False
2026-05-21T20:16:53.643,349.625,,,RECOVERING,0.0800,0.0000,False
2026-05-21T20:16:53.843,349.825,,,RECOVERING,0.0800,0.0000,False
2026-05-21T20:16:54.043,350.025,,,RECOVERING,0.0800,0.0000,False
2026-05-21T20:16:54.243,350.225,,,RECOVERING,0.0800,0.0000,False
2026-05-21T20:16:54.443,350.425,,,RECOVERING,0.0800,0.0000,False
2026-05-21T20:16:54.643,350.625,,,RECOVERING,0.0800,0.0000,False
2026-05-21T20:16:54.843,350.825,U_TURN,"[{""timestamp"": ""2026-05-21T20:16:54"", ""content"": ""U_TURN"", ""bbox_area"": 8348.74078567489}]",TURNING,0.0000,0.4000,True
2026-05-21T20:16:55.043,351.025,,"[{""timestamp"": ""2026-05-21T20:16:54"", ""content"": ""U_TURN"", ""bbox_area"": 9307.759135225322}]",TURNING,0.0000,0.4000,False
2026-05-21T20:16:55.243,351.225,,"[{""timestamp"": ""2026-05-21T20:16:55"", ""content"": ""U_TURN"", ""bbox_area"": 9853.58463892783}]",TURNING,0.0000,0.4000,False
2026-05-21T20:16:55.443,351.425,,,TURNING,0.0000,0.4000,False
2026-05-21T20:16:55.643,351.625,,,TURNING,0.0000,0.4000,False
2026-05-21T20:16:55.843,351.825,,,TURNING,0.0000,0.4000,False
2026-05-21T20:16:56.043,352.025,,,TURNING,0.0000,0.4000,False
2026-05-21T20:16:56.243,352.225,,,TURNING,0.0000,0.4000,False
2026-05-21T20:16:56.443,352.425,,,TURNING,0.0000,0.4000,False
2026-05-21T20:16:56.643,352.625,,,TURNING,0.0000,0.4000,False
2026-05-21T20:16:56.843,352.825,,,TURNING,0.0000,0.4000,False
2026-05-21T20:16:57.043,353.025,,,TURNING,0.0000,0.4000,False
2026-05-21T20:16:57.243,353.225,,,TURNING,0.0000,0.4000,False
2026-05-21T20:16:57.443,353.425,,,TURNING,0.0000,0.4000,False
2026-05-21T20:16:57.643,353.625,,,TURNING,0.0000,0.4000,False
2026-05-21T20:16:57.843,353.825,,,TURNING,0.0000,0.4000,False
2026-05-21T20:16:58.043,354.025,,,TURNING,0.0000,0.4000,False
2026-05-21T20:16:58.243,354.225,,,TURNING,0.0000,0.4000,False
2026-05-21T20:16:58.443,354.425,,,TURNING,0.0000,0.4000,False
2026-05-21T20:16:58.643,354.625,,,TURNING,0.0000,0.4000,False
2026-05-21T20:16:58.843,354.825,,,TURNING,0.0000,0.4000,False
2026-05-21T20:16:59.043,355.025,,,TURNING,0.0000,0.4000,False
2026-05-21T20:16:59.243,355.225,,,TURNING,0.0000,0.4000,False
2026-05-21T20:16:59.443,355.425,,,TURNING,0.0000,0.4000,False
2026-05-21T20:16:59.643,355.625,,,TURNING,0.0000,0.4000,False
2026-05-21T20:16:59.843,355.825,,,TURNING,0.0000,0.4000,False
2026-05-21T20:17:00.043,356.025,,,TURNING,0.0000,0.4000,False
2026-05-21T20:17:00.243,356.225,,,TURNING,0.0000,0.4000,False
2026-05-21T20:17:00.443,356.425,,,TURNING,0.0000,0.4000,False
2026-05-21T20:17:00.643,356.625,,,TURNING,0.0000,0.4000,False
2026-05-21T20:17:00.843,356.825,,,TURNING,0.0000,0.4000,False
2026-05-21T20:17:01.043,357.025,,,TURNING,0.0000,0.4000,False
2026-05-21T20:17:01.243,357.225,,,TURNING,0.0000,0.4000,False
2026-05-21T20:17:01.443,357.425,,,TURNING,0.0000,0.4000,False
2026-05-21T20:17:01.643,357.625,,,TURNING,0.0000,0.4000,False
2026-05-21T20:17:01.843,357.825,,,TURNING,0.0000,0.4000,False
2026-05-21T20:17:02.043,358.025,,,TURNING,0.0000,0.4000,False
2026-05-21T20:17:02.243,358.225,,,TURNING,0.0000,0.4000,False
2026-05-21T20:17:02.443,358.425,,,TURNING,0.0000,0.4000,False
2026-05-21T20:17:02.643,358.625,,,TURNING,0.0000,0.4000,False
2026-05-21T20:17:02.843,358.825,,,DRIVING,0.0800,0.0000,False
2026-05-21T20:17:03.043,359.025,,,RECOVERING,0.0800,0.0000,False
2026-05-21T20:17:03.243,359.225,,,RECOVERING,0.0800,0.0000,False
2026-05-21T20:17:03.443,359.425,,,RECOVERING,0.0800,0.0000,False
2026-05-21T20:17:03.643,359.625,,,RECOVERING,0.0800,0.0000,False
2026-05-21T20:17:03.843,359.825,,,RECOVERING,0.0800,0.0000,False
2026-05-21T20:17:04.043,360.025,,,RECOVERING,0.0800,0.0000,False
2026-05-21T20:17:04.243,360.225,,,RECOVERING,0.0800,0.0000,False
2026-05-21T20:17:04.443,360.425,,,RECOVERING,0.0800,0.0000,False
2026-05-21T20:17:04.643,360.625,,,RECOVERING,0.0800,0.0000,False
2026-05-21T20:17:04.843,360.825,,,RECOVERING,0.0800,0.0000,False
2026-05-21T20:17:05.043,361.025,,,RECOVERING,0.0800,0.0000,False
2026-05-21T20:17:05.243,361.225,,,RECOVERING,0.0800,0.0000,False
2026-05-21T20:17:05.443,361.425,,,RECOVERING,0.0800,0.0000,False
2026-05-21T20:17:05.643,361.625,,,RECOVERING,0.0800,0.0000,False
2026-05-21T20:17:05.843,361.825,,,RECOVERING,0.0800,0.0000,False
2026-05-21T20:17:06.043,362.025,,,RECOVERING,0.0800,0.0000,False
2026-05-21T20:17:06.243,362.225,,,RECOVERING,0.0800,0.0000,False
2026-05-21T20:17:06.443,362.425,,,RECOVERING,0.0800,0.0000,False
2026-05-21T20:17:06.643,362.625,,,RECOVERING,0.0800,0.0000,False
2026-05-21T20:17:06.843,362.825,,,RECOVERING,0.0800,0.0000,False
2026-05-21T20:17:07.043,363.025,,,RECOVERING,0.0800,0.0000,False
2026-05-21T20:17:07.243,363.225,,,RECOVERING,0.0800,0.0000,False
2026-05-21T20:17:07.443,363.425,,,RECOVERING,0.0800,0.0000,False
2026-05-21T20:17:07.643,363.625,,,RECOVERING,0.0800,0.0000,False
2026-05-21T20:17:07.843,363.825,SPEED_UP,"[{""timestamp"": ""2026-05-21T20:17:07"", ""content"": ""SPEED_UP"", ""bbox_area"": 6179.995102243731}]",DRIVING,0.1300,0.0000,True
2026-05-21T20:17:08.043,364.025,,"[{""timestamp"": ""2026-05-21T20:17:07"", ""content"": ""SPEED_UP"", ""bbox_area"": 6710.736629142193}]",DRIVING,0.1300,0.0000,False
2026-05-21T20:17:08.243,364.225,,,DRIVING,0.1300,0.0000,False
2026-05-21T20:17:08.443,364.425,,,DRIVING,0.1300,0.0000,False
2026-05-21T20:17:08.643,364.625,,,DRIVING,0.1300,0.0000,False
2026-05-21T20:17:08.843,364.825,,,DRIVING,0.1300,0.0000,False
2026-05-21T20:17:09.043,365.025,,,DRIVING,0.1300,0.0000,False
2026-05-21T20:17:09.243,365.225,,,DRIVING,0.1300,0.0000,False
2026-05-21T20:17:09.443,365.425,,,DRIVING,0.1300,0.0000,False
2026-05-21T20:17:09.643,365.625,,,DRIVING,0.1300,0.0000,False
2026-05-21T20:17:09.843,365.825,,,DRIVING,0.1300,0.0000,False
2026-05-21T20:17:10.043,366.025,,,DRIVING,0.1300,0.0000,False
2026-05-21T20:17:10.243,366.225,,,DRIVING,0.1300,0.0000,False
2026-05-21T20:17:10.443,366.425,,,DRIVING,0.1300,0.0000,False
2026-05-21T20:17:10.643,366.625,,,DRIVING,0.1300,0.0000,False
2026-05-21T20:17:10.843,366.825,,,RECOVERING,0.1300,0.0000,False
2026-05-21T20:17:11.043,367.025,,,RECOVERING,0.1300,0.0000,False
2026-05-21T20:17:11.243,367.225,,,RECOVERING,0.1300,0.0000,False
2026-05-21T20:17:11.444,367.426,,,RECOVERING,0.1300,0.0000,False
2026-05-21T20:17:11.643,367.625,,,RECOVERING,0.1300,0.0000,False
2026-05-21T20:17:11.843,367.825,,,RECOVERING,0.1300,0.0000,False
2026-05-21T20:17:12.043,368.025,,,RECOVERING,0.1300,0.0000,False
2026-05-21T20:17:12.243,368.225,,,RECOVERING,0.1300,0.0000,False
2026-05-21T20:17:12.443,368.425,,,RECOVERING,0.1300,0.0000,False
2026-05-21T20:17:12.643,368.625,,,RECOVERING,0.1300,0.0000,False
2026-05-21T20:17:12.843,368.825,,,RECOVERING,0.1300,0.0000,False
2026-05-21T20:17:13.043,369.025,,,RECOVERING,0.1300,0.0000,False
2026-05-21T20:17:13.243,369.225,,,RECOVERING,0.1300,0.0000,False
2026-05-21T20:17:13.443,369.425,,,RECOVERING,0.1300,0.0000,False
2026-05-21T20:17:13.643,369.625,,,RECOVERING,0.1300,0.0000,False
2026-05-21T20:17:13.843,369.825,,,RECOVERING,0.1300,0.0000,False
2026-05-21T20:17:14.043,370.025,,,RECOVERING,0.1300,0.0000,False
2026-05-21T20:17:14.243,370.225,SPEED_DOWN,"[{""timestamp"": ""2026-05-21T20:17:14"", ""content"": ""SPEED_DOWN"", ""bbox_area"": 17876.665439605713}]",DRIVING,0.1300,0.0000,True
2026-05-21T20:17:14.443,370.425,,,DRIVING,0.0800,0.0000,False
2026-05-21T20:17:14.643,370.625,,,DRIVING,0.0800,0.0000,False
2026-05-21T20:17:14.843,370.825,,,DRIVING,0.0800,0.0000,False
2026-05-21T20:17:15.043,371.025,,,DRIVING,0.0800,0.0000,False
2026-05-21T20:17:15.243,371.225,,,DRIVING,0.0800,0.0000,False
2026-05-21T20:17:15.443,371.425,,,DRIVING,0.0800,0.0000,False
2026-05-21T20:17:15.643,371.625,,,DRIVING,0.0800,0.0000,False
2026-05-21T20:17:15.843,371.825,,,DRIVING,0.0800,0.0000,False
2026-05-21T20:17:16.043,372.025,,,DRIVING,0.0800,0.0000,False
2026-05-21T20:17:16.243,372.225,,,DRIVING,0.0800,0.0000,False
2026-05-21T20:17:16.443,372.425,,,DRIVING,0.0800,0.0000,False
2026-05-21T20:17:16.643,372.625,,,DRIVING,0.0800,0.0000,False
2026-05-21T20:17:16.843,372.825,,,DRIVING,0.0800,0.0000,False
2026-05-21T20:17:17.043,373.025,,,DRIVING,0.0800,0.0000,False
2026-05-21T20:17:17.243,373.225,,,DRIVING,0.0800,0.0000,False
2026-05-21T20:17:17.443,373.425,,,RECOVERING,0.0800,0.0000,False
2026-05-21T20:17:17.643,373.625,,,RECOVERING,0.0800,0.0000,False
2026-05-21T20:17:17.843,373.825,,,RECOVERING,0.0800,0.0000,False
2026-05-21T20:17:18.043,374.025,,,RECOVERING,0.0800,0.0000,False
2026-05-21T20:17:18.243,374.225,,,RECOVERING,0.0800,0.0000,False
2026-05-21T20:17:18.443,374.425,,,RECOVERING,0.0800,0.0000,False
2026-05-21T20:17:18.643,374.625,,,RECOVERING,0.0800,0.0000,False
2026-05-21T20:17:18.843,374.825,,,RECOVERING,0.0800,0.0000,False
2026-05-21T20:17:19.043,375.025,,,RECOVERING,0.0800,0.0000,False
2026-05-21T20:17:19.243,375.225,,,RECOVERING,0.0800,0.0000,False
2026-05-21T20:17:19.443,375.425,,,RECOVERING,0.0800,0.0000,False
2026-05-21T20:17:19.643,375.625,,,RECOVERING,0.0800,0.0000,False
2026-05-21T20:17:19.843,375.825,,,RECOVERING,0.0800,0.0000,False
2026-05-21T20:17:20.043,376.025,,,RECOVERING,0.0800,0.0000,False
2026-05-21T20:17:20.243,376.225,STOP,"[{""timestamp"": ""2026-05-21T20:17:20"", ""content"": ""STOP"", ""bbox_area"": 10915.631820678711}]",STOPPED,0.0000,0.0000,True
2026-05-21T20:17:20.443,376.425,,,STOPPED,0.0000,0.0000,False
2026-05-21T20:17:20.643,376.625,,,STOPPED,0.0000,0.0000,False
2026-05-21T20:17:20.844,376.826,,,STOPPED,0.0000,0.0000,False
2026-05-21T20:17:21.043,377.025,,,STOPPED,0.0000,0.0000,False
2026-05-21T20:17:21.243,377.225,,,STOPPED,0.0000,0.0000,False
2026-05-21T20:17:21.443,377.425,,,STOPPED,0.0000,0.0000,False
2026-05-21T20:17:21.643,377.625,,,STOPPED,0.0000,0.0000,False
2026-05-21T20:17:21.843,377.825,,,STOPPED,0.0000,0.0000,False
2026-05-21T20:17:22.043,378.025,,,STOPPED,0.0000,0.0000,False
2026-05-21T20:17:22.243,378.225,,,STOPPED,0.0000,0.0000,False
2026-05-21T20:17:22.443,378.425,,,STOPPED,0.0000,0.0000,False
2026-05-21T20:17:22.643,378.625,,,STOPPED,0.0000,0.0000,False
2026-05-21T20:17:22.843,378.825,,,STOPPED,0.0000,0.0000,False
2026-05-21T20:17:23.043,379.025,,,STOPPED,0.0000,0.0000,False
2026-05-21T20:17:23.243,379.225,,,STOPPED,0.0000,0.0000,False
2026-05-21T20:17:23.443,379.425,,,STOPPED,0.0000,0.0000,False
2026-05-21T20:17:23.644,379.626,,,STOPPED,0.0000,0.0000,False
2026-05-21T20:17:23.843,379.825,,,STOPPED,0.0000,0.0000,False
2026-05-21T20:17:24.043,380.025,,,STOPPED,0.0000,0.0000,False
2026-05-21T20:17:24.243,380.225,,,STOPPED,0.0000,0.0000,False
2026-05-21T20:17:24.443,380.425,,,STOPPED,0.0000,0.0000,False
2026-05-21T20:17:24.643,380.625,,,STOPPED,0.0000,0.0000,False
2026-05-21T20:17:24.843,380.825,,,STOPPED,0.0000,0.0000,False
2026-05-21T20:17:25.044,381.026,,,STOPPED,0.0000,0.0000,False
2026-05-21T20:17:25.243,381.225,,,STOPPED,0.0000,0.0000,False
2026-05-21T20:17:25.443,381.425,,,STOPPED,0.0000,0.0000,False
2026-05-21T20:17:25.643,381.625,,,STOPPED,0.0000,0.0000,False
2026-05-21T20:17:25.843,381.825,,,STOPPED,0.0000,0.0000,False
2026-05-21T20:17:26.043,382.025,,,STOPPED,0.0000,0.0000,False
2026-05-21T20:17:26.243,382.225,,,STOPPED,0.0000,0.0000,False
2026-05-21T20:17:26.443,382.425,,,STOPPED,0.0000,0.0000,False
2026-05-21T20:17:26.643,382.625,,,STOPPED,0.0000,0.0000,False
2026-05-21T20:17:26.843,382.825,,,STOPPED,0.0000,0.0000,False
2026-05-21T20:17:27.043,383.025,,,STOPPED,0.0000,0.0000,False
2026-05-21T20:17:27.243,383.225,,,STOPPED,0.0000,0.0000,False
2026-05-21T20:17:27.443,383.425,,,STOPPED,0.0000,0.0000,False
2026-05-21T20:17:27.643,383.625,,,STOPPED,0.0000,0.0000,False
2026-05-21T20:17:27.843,383.825,,,STOPPED,0.0000,0.0000,False
2026-05-21T20:17:28.043,384.025,,,STOPPED,0.0000,0.0000,False
2026-05-21T20:17:28.243,384.225,,,STOPPED,0.0000,0.0000,False
2026-05-21T20:17:28.443,384.425,,,STOPPED,0.0000,0.0000,False
2026-05-21T20:17:28.643,384.625,,,STOPPED,0.0000,0.0000,False
2026-05-21T20:17:28.843,384.825,,,STOPPED,0.0000,0.0000,False
2026-05-21T20:17:29.043,385.025,,,STOPPED,0.0000,0.0000,False
2026-05-21T20:17:29.243,385.225,,,STOPPED,0.0000,0.0000,False
2026-05-21T20:17:29.443,385.425,,,STOPPED,0.0000,0.0000,False
2026-05-21T20:17:29.643,385.625,,,STOPPED,0.0000,0.0000,False
2026-05-21T20:17:29.843,385.825,,,STOPPED,0.0000,0.0000,False
2026-05-21T20:17:30.043,386.025,,,STOPPED,0.0000,0.0000,False
2026-05-21T20:17:30.243,386.225,,,STOPPED,0.0000,0.0000,False
2026-05-21T20:17:30.443,386.425,,,STOPPED,0.0000,0.0000,False
2026-05-21T20:17:30.646,386.628,,,STOPPED,0.0000,0.0000,False
2026-05-21T20:17:30.843,386.825,,,STOPPED,0.0000,0.0000,False
2026-05-21T20:17:31.043,387.025,,,STOPPED,0.0000,0.0000,False
2026-05-21T20:17:31.243,387.225,,,STOPPED,0.0000,0.0000,False
2026-05-21T20:17:31.443,387.425,,,STOPPED,0.0000,0.0000,False
2026-05-21T20:17:31.643,387.625,,,STOPPED,0.0000,0.0000,False
2026-05-21T20:17:31.843,387.825,,,STOPPED,0.0000,0.0000,False
2026-05-21T20:17:32.043,388.025,,,STOPPED,0.0000,0.0000,False
2026-05-21T20:17:32.243,388.225,,,STOPPED,0.0000,0.0000,False
2026-05-21T20:17:32.443,388.425,,,STOPPED,0.0000,0.0000,False
2026-05-21T20:17:32.644,388.626,,,STOPPED,0.0000,0.0000,False
2026-05-21T20:17:32.843,388.825,,,STOPPED,0.0000,0.0000,False
2026-05-21T20:17:33.043,389.025,,,STOPPED,0.0000,0.0000,False
2026-05-21T20:17:33.243,389.225,,,STOPPED,0.0000,0.0000,False
2026-05-21T20:17:33.443,389.425,,,STOPPED,0.0000,0.0000,False
2026-05-21T20:17:33.643,389.625,,,STOPPED,0.0000,0.0000,False
2026-05-21T20:17:33.843,389.825,,,STOPPED,0.0000,0.0000,False
2026-05-21T20:17:34.043,390.025,,,STOPPED,0.0000,0.0000,False
2026-05-21T20:17:34.243,390.225,,,STOPPED,0.0000,0.0000,False
2026-05-21T20:17:34.443,390.425,,,STOPPED,0.0000,0.0000,False
2026-05-21T20:17:34.643,390.625,,,STOPPED,0.0000,0.0000,False
2026-05-21T20:17:34.843,390.825,,,STOPPED,0.0000,0.0000,False
2026-05-21T20:17:35.043,391.025,,,STOPPED,0.0000,0.0000,False
2026-05-21T20:17:35.243,391.225,,,STOPPED,0.0000,0.0000,False
2026-05-21T20:17:35.443,391.425,,,STOPPED,0.0000,0.0000,False
2026-05-21T20:17:35.643,391.625,,,STOPPED,0.0000,0.0000,False
2026-05-21T20:17:35.843,391.825,,,STOPPED,0.0000,0.0000,False
2026-05-21T20:17:36.043,392.025,,,STOPPED,0.0000,0.0000,False
2026-05-21T20:17:36.243,392.225,,,STOPPED,0.0000,0.0000,False
2026-05-21T20:17:36.444,392.426,,,STOPPED,0.0000,0.0000,False
2026-05-21T20:17:36.643,392.625,,,STOPPED,0.0000,0.0000,False
2026-05-21T20:17:36.843,392.825,,,STOPPED,0.0000,0.0000,False
2026-05-21T20:17:37.043,393.025,,,STOPPED,0.0000,0.0000,False
2026-05-21T20:17:37.243,393.225,,,STOPPED,0.0000,0.0000,False
2026-05-21T20:17:37.443,393.425,,,STOPPED,0.0000,0.0000,False
2026-05-21T20:17:37.643,393.625,,,STOPPED,0.0000,0.0000,False
2026-05-21T20:17:37.843,393.825,,,STOPPED,0.0000,0.0000,False
2026-05-21T20:17:38.043,394.025,,,STOPPED,0.0000,0.0000,False
2026-05-21T20:17:38.243,394.225,,,STOPPED,0.0000,0.0000,False
2026-05-21T20:17:38.444,394.426,,,STOPPED,0.0000,0.0000,False
2026-05-21T20:17:38.643,394.625,,,STOPPED,0.0000,0.0000,False
2026-05-21T20:17:38.843,394.825,,,STOPPED,0.0000,0.0000,False
2026-05-21T20:17:39.043,395.025,,,STOPPED,0.0000,0.0000,False
2026-05-21T20:17:39.243,395.225,,,STOPPED,0.0000,0.0000,False
2026-05-21T20:17:39.443,395.425,,,STOPPED,0.0000,0.0000,False
2026-05-21T20:17:39.643,395.625,,,STOPPED,0.0000,0.0000,False
2026-05-21T20:17:39.843,395.825,,,STOPPED,0.0000,0.0000,False
2026-05-21T20:17:40.043,396.025,,,STOPPED,0.0000,0.0000,False
2026-05-21T20:17:40.243,396.225,,,STOPPED,0.0000,0.0000,False
2026-05-21T20:17:40.443,396.425,,,STOPPED,0.0000,0.0000,False
2026-05-21T20:17:40.643,396.625,,,STOPPED,0.0000,0.0000,False
2026-05-21T20:17:40.843,396.825,,,STOPPED,0.0000,0.0000,False
2026-05-21T20:17:41.043,397.025,,,STOPPED,0.0000,0.0000,False
2026-05-21T20:17:41.243,397.225,,,STOPPED,0.0000,0.0000,False
2026-05-21T20:17:41.443,397.425,,,STOPPED,0.0000,0.0000,False
2026-05-21T20:17:41.643,397.625,,,STOPPED,0.0000,0.0000,False
2026-05-21T20:17:41.843,397.825,,,STOPPED,0.0000,0.0000,False
2026-05-21T20:17:42.043,398.025,,,STOPPED,0.0000,0.0000,False
2026-05-21T20:17:42.243,398.225,,,STOPPED,0.0000,0.0000,False
2026-05-21T20:17:42.443,398.425,,,STOPPED,0.0000,0.0000,False
2026-05-21T20:17:42.643,398.625,,,STOPPED,0.0000,0.0000,False
2026-05-21T20:17:42.843,398.825,,,STOPPED,0.0000,0.0000,False
2026-05-21T20:17:43.043,399.025,,,STOPPED,0.0000,0.0000,False
2026-05-21T20:17:43.243,399.225,,,STOPPED,0.0000,0.0000,False
2026-05-21T20:17:43.443,399.425,GO,"[{""timestamp"": ""2026-05-21T20:17:43"", ""content"": ""GO"", ""bbox_area"": 10520.930500517134}]",DRIVING,0.0000,0.0000,True
2026-05-21T20:17:43.643,399.625,,,DRIVING,0.0800,0.0000,False
2026-05-21T20:17:43.843,399.825,,"[{""timestamp"": ""2026-05-21T20:17:43"", ""content"": ""GO"", ""bbox_area"": 9779.680889990646}]",DRIVING,0.0800,0.0000,False
2026-05-21T20:17:44.043,400.025,,"[{""timestamp"": ""2026-05-21T20:17:43"", ""content"": ""GO"", ""bbox_area"": 8991.122527466854}]",DRIVING,0.0800,0.0000,False
2026-05-21T20:17:44.243,400.225,,,DRIVING,0.0800,0.0000,False
2026-05-21T20:17:44.443,400.425,,,DRIVING,0.0800,0.0000,False
2026-05-21T20:17:44.643,400.625,,,DRIVING,0.0800,0.0000,False
2026-05-21T20:17:44.843,400.825,,,DRIVING,0.0800,0.0000,False
2026-05-21T20:17:45.043,401.025,,,DRIVING,0.0800,0.0000,False
2026-05-21T20:17:45.243,401.225,,,DRIVING,0.0800,0.0000,False
2026-05-21T20:17:45.444,401.426,,,DRIVING,0.0800,0.0000,False
2026-05-21T20:17:45.643,401.625,,,DRIVING,0.0800,0.0000,False
2026-05-21T20:17:45.843,401.825,,,DRIVING,0.0800,0.0000,False
2026-05-21T20:17:46.043,402.025,,,DRIVING,0.0800,0.0000,False
2026-05-21T20:17:46.244,402.226,,,DRIVING,0.0800,0.0000,False
2026-05-21T20:17:46.443,402.425,,,DRIVING,0.0800,0.0000,False
2026-05-21T20:17:46.643,402.625,,,RECOVERING,0.0800,0.0000,False
2026-05-21T20:17:46.844,402.826,,,RECOVERING,0.0800,0.0000,False
2026-05-21T20:17:47.043,403.025,,,RECOVERING,0.0800,0.0000,False
2026-05-21T20:17:47.243,403.225,,,RECOVERING,0.0800,0.0000,False
2026-05-21T20:17:47.443,403.425,,,RECOVERING,0.0800,0.0000,False
2026-05-21T20:17:47.643,403.625,,,RECOVERING,0.0800,0.0000,False
2026-05-21T20:17:47.843,403.825,,,RECOVERING,0.0800,0.0000,False
2026-05-21T20:17:48.043,404.025,,,RECOVERING,0.0800,0.0000,False
2026-05-21T20:17:48.245,404.227,,,RECOVERING,0.0800,0.0000,False
2026-05-21T20:17:48.443,404.425,,,RECOVERING,0.0800,0.0000,False
2026-05-21T20:17:48.643,404.625,,,RECOVERING,0.0800,0.0000,False
2026-05-21T20:17:48.843,404.825,,,RECOVERING,0.0800,0.0000,False
2026-05-21T20:17:49.043,405.025,,,RECOVERING,0.0800,0.0000,False
2026-05-21T20:17:49.243,405.225,,,RECOVERING,0.0800,0.0000,False
2026-05-21T20:17:49.443,405.425,,,RECOVERING,0.0800,0.0000,False
2026-05-21T20:17:49.643,405.625,,,RECOVERING,0.0800,0.0000,False
2026-05-21T20:17:49.843,405.825,,,RECOVERING,0.0800,0.0000,False
2026-05-21T20:17:50.044,406.026,,,RECOVERING,0.0800,0.0000,False
2026-05-21T20:17:50.243,406.225,,,RECOVERING,0.0800,0.0000,False
2026-05-21T20:17:50.443,406.425,,,RECOVERING,0.0800,0.0000,False
2026-05-21T20:17:50.643,406.625,,,RECOVERING,0.0800,0.0000,False
2026-05-21T20:17:50.843,406.825,,,RECOVERING,0.0800,0.0000,False
2026-05-21T20:17:51.043,407.025,,,RECOVERING,0.0800,0.0000,False
2026-05-21T20:17:51.243,407.225,,,RECOVERING,0.0800,0.0000,False
2026-05-21T20:17:51.443,407.425,,,RECOVERING,0.0800,0.0000,False
2026-05-21T20:17:51.643,407.625,,,RECOVERING,0.0800,0.0000,False
2026-05-21T20:17:51.843,407.825,,,RECOVERING,0.0800,0.0000,False
2026-05-21T20:17:52.043,408.025,,,RECOVERING,0.0800,0.0000,False
2026-05-21T20:17:52.243,408.225,,,RECOVERING,0.0800,0.0000,False
2026-05-21T20:17:52.443,408.425,,,RECOVERING,0.0800,0.0000,False
2026-05-21T20:17:52.643,408.625,,,RECOVERING,0.0800,0.0000,False
2026-05-21T20:17:52.843,408.825,,,RECOVERING,0.0800,0.0000,False
2026-05-21T20:17:53.043,409.025,,,RECOVERING,0.0800,0.0000,False
2026-05-21T20:17:53.243,409.225,,,RECOVERING,0.0800,0.0000,False
2026-05-21T20:17:53.443,409.425,,,RECOVERING,0.0800,0.0000,False
2026-05-21T20:17:53.643,409.625,,,RECOVERING,0.0800,0.0000,False
2026-05-21T20:17:53.843,409.825,,,RECOVERING,0.0800,0.0000,False
2026-05-21T20:17:54.043,410.025,,,RECOVERING,0.0800,0.0000,False
2026-05-21T20:17:54.243,410.225,,,RECOVERING,0.0800,0.0000,False
2026-05-21T20:17:54.443,410.425,,,RECOVERING,0.0800,0.0000,False
2026-05-21T20:17:54.643,410.625,,,RECOVERING,0.0800,0.0000,False
2026-05-21T20:17:54.843,410.825,,,RECOVERING,0.0800,0.0000,False
2026-05-21T20:17:55.043,411.025,,,RECOVERING,0.0800,0.0000,False
2026-05-21T20:17:55.243,411.225,,,RECOVERING,0.0800,0.0000,False
2026-05-21T20:17:55.443,411.425,,,RECOVERING,0.0800,0.0000,False
2026-05-21T20:17:55.643,411.625,,,RECOVERING,0.0800,0.0000,False
2026-05-21T20:17:55.843,411.825,,,RECOVERING,0.0800,0.0000,False
2026-05-21T20:17:56.043,412.025,STOP,"[{""timestamp"": ""2026-05-21T20:17:55"", ""content"": ""STOP"", ""bbox_area"": 15839.05925423908}]",STOPPED,0.0000,0.0000,True
2026-05-21T20:17:56.243,412.225,,"[{""timestamp"": ""2026-05-21T20:17:56"", ""content"": ""STOP"", ""bbox_area"": 12910.78050994873}]",STOPPED,0.0000,0.0000,False
2026-05-21T20:17:56.443,412.425,,"[{""timestamp"": ""2026-05-21T20:17:56"", ""content"": ""STOP"", ""bbox_area"": 11408.239173860755}]",STOPPED,0.0000,0.0000,False
2026-05-21T20:17:56.643,412.625,,,STOPPED,0.0000,0.0000,False
2026-05-21T20:17:56.843,412.825,,,STOPPED,0.0000,0.0000,False
2026-05-21T20:17:57.043,413.025,,,STOPPED,0.0000,0.0000,False
2026-05-21T20:17:57.243,413.225,,,STOPPED,0.0000,0.0000,False
2026-05-21T20:17:57.443,413.425,,,STOPPED,0.0000,0.0000,False
2026-05-21T20:17:57.643,413.625,,,STOPPED,0.0000,0.0000,False
2026-05-21T20:17:57.843,413.825,,,STOPPED,0.0000,0.0000,False
2026-05-21T20:17:58.043,414.025,,,STOPPED,0.0000,0.0000,False
2026-05-21T20:17:58.243,414.225,,,STOPPED,0.0000,0.0000,False
2026-05-21T20:17:58.443,414.425,,,STOPPED,0.0000,0.0000,False
2026-05-21T20:17:58.643,414.625,,,STOPPED,0.0000,0.0000,False
2026-05-21T20:17:58.843,414.825,,,STOPPED,0.0000,0.0000,False
2026-05-21T20:17:59.043,415.025,,,STOPPED,0.0000,0.0000,False
2026-05-21T20:17:59.243,415.225,,,STOPPED,0.0000,0.0000,False
2026-05-21T20:17:59.443,415.425,,,STOPPED,0.0000,0.0000,False
2026-05-21T20:17:59.645,415.627,,,STOPPED,0.0000,0.0000,False
2026-05-21T20:17:59.843,415.825,,,STOPPED,0.0000,0.0000,False
2026-05-21T20:18:00.043,416.025,,,STOPPED,0.0000,0.0000,False
2026-05-21T20:18:00.243,416.225,,,STOPPED,0.0000,0.0000,False
2026-05-21T20:18:00.443,416.425,,,STOPPED,0.0000,0.0000,False
2026-05-21T20:18:00.643,416.625,,,STOPPED,0.0000,0.0000,False
2026-05-21T20:18:00.843,416.825,,,STOPPED,0.0000,0.0000,False
2026-05-21T20:18:01.043,417.025,,,STOPPED,0.0000,0.0000,False
2026-05-21T20:18:01.244,417.226,,,STOPPED,0.0000,0.0000,False
2026-05-21T20:18:01.443,417.425,,,STOPPED,0.0000,0.0000,False
2026-05-21T20:18:01.643,417.625,GO,"[{""timestamp"": ""2026-05-21T20:18:01"", ""content"": ""GO"", ""bbox_area"": 14161.330315578729}]",DRIVING,0.0800,0.0000,True
2026-05-21T20:18:01.843,417.825,,,DRIVING,0.0800,0.0000,False
2026-05-21T20:18:02.043,418.025,,,DRIVING,0.0800,0.0000,False
2026-05-21T20:18:02.243,418.225,,,DRIVING,0.0800,0.0000,False
2026-05-21T20:18:02.443,418.425,,,DRIVING,0.0800,0.0000,False
2026-05-21T20:18:02.644,418.626,,,DRIVING,0.0800,0.0000,False
2026-05-21T20:18:02.845,418.827,,,DRIVING,0.0800,0.0000,False
2026-05-21T20:18:03.043,419.025,,,DRIVING,0.0800,0.0000,False
2026-05-21T20:18:03.243,419.225,,,DRIVING,0.0800,0.0000,False
2026-05-21T20:18:03.443,419.425,,,DRIVING,0.0800,0.0000,False
2026-05-21T20:18:03.643,419.625,,,DRIVING,0.0800,0.0000,False
2026-05-21T20:18:03.844,419.826,,,DRIVING,0.0800,0.0000,False
2026-05-21T20:18:04.043,420.025,,,DRIVING,0.0800,0.0000,False
2026-05-21T20:18:04.243,420.225,,,DRIVING,0.0800,0.0000,False
2026-05-21T20:18:04.443,420.425,,,DRIVING,0.0800,0.0000,False
2026-05-21T20:18:04.643,420.625,,,RECOVERING,0.0800,0.0000,False
2026-05-21T20:18:04.843,420.825,,,RECOVERING,0.0800,0.0000,False
2026-05-21T20:18:05.043,421.025,,,RECOVERING,0.0800,0.0000,False
2026-05-21T20:18:05.243,421.225,,,RECOVERING,0.0800,0.0000,False
2026-05-21T20:18:05.443,421.425,,,RECOVERING,0.0800,0.0000,False
2026-05-21T20:18:05.643,421.625,,,RECOVERING,0.0800,0.0000,False
2026-05-21T20:18:05.843,421.825,,,RECOVERING,0.0800,0.0000,False
2026-05-21T20:18:06.043,422.025,,,RECOVERING,0.0800,0.0000,False
2026-05-21T20:18:06.245,422.227,,,RECOVERING,0.0800,0.0000,False
2026-05-21T20:18:06.445,422.427,,,RECOVERING,0.0800,0.0000,False
2026-05-21T20:18:06.643,422.625,,,RECOVERING,0.0800,0.0000,False
2026-05-21T20:18:06.843,422.825,TURN_LEFT,"[{""timestamp"": ""2026-05-21T20:18:06"", ""content"": ""TURN_LEFT"", ""bbox_area"": 18904.661544799805}]",TURNING,0.0000,0.4000,True
2026-05-21T20:18:07.043,423.025,,"[{""timestamp"": ""2026-05-21T20:18:06"", ""content"": ""TURN_LEFT"", ""bbox_area"": 22988.674513536505}]",TURNING,0.0000,0.4000,False
2026-05-21T20:18:07.243,423.225,,,TURNING,0.0000,0.4000,False
2026-05-21T20:18:07.443,423.425,,,TURNING,0.0000,0.4000,False
2026-05-21T20:18:07.645,423.627,,,TURNING,0.0000,0.4000,False
2026-05-21T20:18:07.843,423.825,,,TURNING,0.0000,0.4000,False
2026-05-21T20:18:08.043,424.025,,,TURNING,0.0000,0.4000,False
2026-05-21T20:18:08.243,424.225,,,TURNING,0.0000,0.4000,False
2026-05-21T20:18:08.443,424.425,,,TURNING,0.0000,0.4000,False
2026-05-21T20:18:08.643,424.625,,,TURNING,0.0000,0.4000,False
2026-05-21T20:18:08.843,424.825,,,TURNING,0.0000,0.4000,False
2026-05-21T20:18:09.043,425.025,,,TURNING,0.0000,0.4000,False
2026-05-21T20:18:09.243,425.225,,,TURNING,0.0000,0.4000,False
2026-05-21T20:18:09.443,425.425,,,TURNING,0.0000,0.4000,False
2026-05-21T20:18:09.644,425.626,,,TURNING,0.0000,0.4000,False
2026-05-21T20:18:09.843,425.825,,,TURNING,0.0000,0.4000,False
2026-05-21T20:18:10.045,426.027,,,TURNING,0.0000,0.4000,False
2026-05-21T20:18:10.244,426.226,,,TURNING,0.0000,0.4000,False
2026-05-21T20:18:10.445,426.427,,,TURNING,0.0000,0.4000,False
2026-05-21T20:18:10.643,426.625,,,TURNING,0.0000,0.4000,False
2026-05-21T20:18:10.843,426.825,,,RECOVERING,0.0800,0.0000,False
2026-05-21T20:18:11.043,427.025,,,RECOVERING,0.0800,0.0000,False
2026-05-21T20:18:11.243,427.225,,,RECOVERING,0.0800,0.0000,False
2026-05-21T20:18:11.443,427.425,,,RECOVERING,0.0800,0.0000,False
2026-05-21T20:18:11.643,427.625,,,RECOVERING,0.0800,0.0000,False
2026-05-21T20:18:11.843,427.825,,,RECOVERING,0.0800,0.0000,False
2026-05-21T20:18:12.044,428.026,,,RECOVERING,0.0800,0.0000,False
2026-05-21T20:18:12.243,428.225,,,RECOVERING,0.0800,0.0000,False
2026-05-21T20:18:12.443,428.425,,,RECOVERING,0.0800,0.0000,False
2026-05-21T20:18:12.644,428.626,,,RECOVERING,0.0800,0.0000,False
2026-05-21T20:18:12.844,428.826,,,RECOVERING,0.0800,0.0000,False
2026-05-21T20:18:13.043,429.025,,,RECOVERING,0.0800,0.0000,False
2026-05-21T20:18:13.245,429.227,,,RECOVERING,0.0800,0.0000,False
2026-05-21T20:18:13.444,429.426,,,RECOVERING,0.0800,0.0000,False
2026-05-21T20:18:13.643,429.625,TURN_RIGHT,"[{""timestamp"": ""2026-05-21T20:18:13"", ""content"": ""TURN_RIGHT"", ""bbox_area"": 16374.09425933659}]",TURNING,0.0000,-0.4000,True
2026-05-21T20:18:13.843,429.825,,"[{""timestamp"": ""2026-05-21T20:18:13"", ""content"": ""TURN_RIGHT"", ""bbox_area"": 15752.121263186913}]",TURNING,0.0000,-0.4000,False
2026-05-21T20:18:14.043,430.025,,,TURNING,0.0000,-0.4000,False
2026-05-21T20:18:14.243,430.225,,,TURNING,0.0000,-0.4000,False
2026-05-21T20:18:14.443,430.425,,,TURNING,0.0000,-0.4000,False
2026-05-21T20:18:14.643,430.625,,,TURNING,0.0000,-0.4000,False
2026-05-21T20:18:14.843,430.825,,,TURNING,0.0000,-0.4000,False
2026-05-21T20:18:15.044,431.026,,,TURNING,0.0000,-0.4000,False
2026-05-21T20:18:15.245,431.227,,,TURNING,0.0000,-0.4000,False
2026-05-21T20:18:15.445,431.427,,,TURNING,0.0000,-0.4000,False
2026-05-21T20:18:15.643,431.625,,,TURNING,0.0000,-0.4000,False
2026-05-21T20:18:15.843,431.825,,,TURNING,0.0000,-0.4000,False
2026-05-21T20:18:16.043,432.025,,,TURNING,0.0000,-0.4000,False
2026-05-21T20:18:16.243,432.225,,,TURNING,0.0000,-0.4000,False
2026-05-21T20:18:16.443,432.425,,,TURNING,0.0000,-0.4000,False
2026-05-21T20:18:16.645,432.627,,,TURNING,0.0000,-0.4000,False
2026-05-21T20:18:16.844,432.826,,,TURNING,0.0000,-0.4000,False
2026-05-21T20:18:17.044,433.026,,,TURNING,0.0000,-0.4000,False
2026-05-21T20:18:17.243,433.225,,,TURNING,0.0000,-0.4000,False
2026-05-21T20:18:17.444,433.425,,,TURNING,0.0000,-0.4000,False
2026-05-21T20:18:17.643,433.625,,,RECOVERING,0.0800,0.0000,False
2026-05-21T20:18:17.843,433.825,,,RECOVERING,0.0800,0.0000,False
2026-05-21T20:18:18.043,434.025,,,RECOVERING,0.0800,0.0000,False
2026-05-21T20:18:18.244,434.226,,,RECOVERING,0.0800,0.0000,False
2026-05-21T20:18:18.443,434.425,,,RECOVERING,0.0800,0.0000,False
2026-05-21T20:18:18.643,434.625,,,RECOVERING,0.0800,0.0000,False
2026-05-21T20:18:18.843,434.825,,,RECOVERING,0.0800,0.0000,False
2026-05-21T20:18:19.044,435.026,,,RECOVERING,0.0800,0.0000,False
2026-05-21T20:18:19.243,435.225,,,RECOVERING,0.0800,0.0000,False
2026-05-21T20:18:19.443,435.425,,,RECOVERING,0.0800,0.0000,False
2026-05-21T20:18:19.646,435.628,,,RECOVERING,0.0800,0.0000,False
2026-05-21T20:18:19.844,435.826,,,RECOVERING,0.0800,0.0000,False
2026-05-21T20:18:20.043,436.025,,,RECOVERING,0.0800,0.0000,False
2026-05-21T20:18:20.243,436.225,,,RECOVERING,0.0800,0.0000,False
2026-05-21T20:18:20.444,436.426,,,RECOVERING,0.0800,0.0000,False
2026-05-21T20:18:20.643,436.625,,,RECOVERING,0.0800,0.0000,False
2026-05-21T20:18:20.843,436.825,,,RECOVERING,0.0800,0.0000,False
2026-05-21T20:18:21.043,437.025,,,RECOVERING,0.0800,0.0000,False
2026-05-21T20:18:21.243,437.225,,,RECOVERING,0.0800,0.0000,False
2026-05-21T20:18:21.443,437.425,,,RECOVERING,0.0800,0.0000,False
2026-05-21T20:18:21.643,437.625,U_TURN,"[{""timestamp"": ""2026-05-21T20:18:21"", ""content"": ""U_TURN"", ""bbox_area"": 12998.877059770515}]",TURNING,0.0000,0.4000,True
2026-05-21T20:18:21.843,437.825,,"[{""timestamp"": ""2026-05-21T20:18:21"", ""content"": ""U_TURN"", ""bbox_area"": 13645.183259998448}]",TURNING,0.0000,0.4000,False
2026-05-21T20:18:22.043,438.025,,"[{""timestamp"": ""2026-05-21T20:18:21"", ""content"": ""U_TURN"", ""bbox_area"": 12975.861721653026}]",TURNING,0.0000,0.4000,False
2026-05-21T20:18:22.243,438.225,,,TURNING,0.0000,0.4000,False
2026-05-21T20:18:22.443,438.425,,,TURNING,0.0000,0.4000,False
2026-05-21T20:18:22.643,438.625,,,TURNING,0.0000,0.4000,False
2026-05-21T20:18:22.843,438.825,,,TURNING,0.0000,0.4000,False
2026-05-21T20:18:23.043,439.025,,,TURNING,0.0000,0.4000,False
2026-05-21T20:18:23.244,439.226,,,TURNING,0.0000,0.4000,False
2026-05-21T20:18:23.444,439.426,,,TURNING,0.0000,0.4000,False
2026-05-21T20:18:23.643,439.625,,,TURNING,0.0000,0.4000,False
2026-05-21T20:18:23.843,439.825,,,TURNING,0.0000,0.4000,False
2026-05-21T20:18:24.043,440.025,,,TURNING,0.0000,0.4000,False
2026-05-21T20:18:24.243,440.225,,,TURNING,0.0000,0.4000,False
2026-05-21T20:18:24.443,440.425,,,TURNING,0.0000,0.4000,False
2026-05-21T20:18:24.644,440.626,,,TURNING,0.0000,0.4000,False
2026-05-21T20:18:24.843,440.825,,,TURNING,0.0000,0.4000,False
2026-05-21T20:18:25.043,441.025,,,TURNING,0.0000,0.4000,False
2026-05-21T20:18:25.243,441.225,,,TURNING,0.0000,0.4000,False
2026-05-21T20:18:25.444,441.426,,,TURNING,0.0000,0.4000,False
2026-05-21T20:18:25.643,441.625,,,TURNING,0.0000,0.4000,False
2026-05-21T20:18:25.843,441.825,,,TURNING,0.0000,0.4000,False
2026-05-21T20:18:26.043,442.025,,,TURNING,0.0000,0.4000,False
2026-05-21T20:18:26.243,442.225,,,TURNING,0.0000,0.4000,False
2026-05-21T20:18:26.443,442.425,,,TURNING,0.0000,0.4000,False
2026-05-21T20:18:26.643,442.625,,,TURNING,0.0000,0.4000,False
2026-05-21T20:18:26.843,442.825,,,TURNING,0.0000,0.4000,False
2026-05-21T20:18:27.043,443.025,,,TURNING,0.0000,0.4000,False
2026-05-21T20:18:27.243,443.225,,,TURNING,0.0000,0.4000,False
2026-05-21T20:18:27.443,443.425,,,TURNING,0.0000,0.4000,False
2026-05-21T20:18:27.643,443.625,,,TURNING,0.0000,0.4000,False
2026-05-21T20:18:27.843,443.825,,,TURNING,0.0000,0.4000,False
2026-05-21T20:18:28.043,444.025,,,TURNING,0.0000,0.4000,False
2026-05-21T20:18:28.243,444.225,,,TURNING,0.0000,0.4000,False
2026-05-21T20:18:28.443,444.425,,,TURNING,0.0000,0.4000,False
2026-05-21T20:18:28.643,444.625,,,TURNING,0.0000,0.4000,False
2026-05-21T20:18:28.843,444.825,,,TURNING,0.0000,0.4000,False
2026-05-21T20:18:29.043,445.025,,,TURNING,0.0000,0.4000,False
2026-05-21T20:18:29.243,445.225,,,TURNING,0.0000,0.4000,False
2026-05-21T20:18:29.443,445.425,,,TURNING,0.0000,0.4000,False
2026-05-21T20:18:29.643,445.625,,,RECOVERING,0.0800,0.0000,False
2026-05-21T20:18:29.843,445.825,,,RECOVERING,0.0800,0.0000,False
2026-05-21T20:18:30.043,446.025,,,RECOVERING,0.0800,0.0000,False
2026-05-21T20:18:30.243,446.225,,,RECOVERING,0.0800,0.0000,False
2026-05-21T20:18:30.443,446.425,,,RECOVERING,0.0800,0.0000,False
2026-05-21T20:18:30.643,446.625,,,RECOVERING,0.0800,0.0000,False
2026-05-21T20:18:30.843,446.825,,,RECOVERING,0.0800,0.0000,False
2026-05-21T20:18:31.043,447.025,,,RECOVERING,0.0800,0.0000,False
2026-05-21T20:18:31.243,447.225,,,RECOVERING,0.0800,0.0000,False
2026-05-21T20:18:31.443,447.425,SPEED_UP,"[{""timestamp"": ""2026-05-21T20:18:31"", ""content"": ""SPEED_UP"", ""bbox_area"": 12631.59404919343}]",DRIVING,0.1300,0.0000,True
2026-05-21T20:18:31.643,447.625,,"[{""timestamp"": ""2026-05-21T20:18:31"", ""content"": ""SPEED_UP"", ""bbox_area"": 14258.630252618343}]",DRIVING,0.1300,0.0000,False
2026-05-21T20:18:31.843,447.825,,"[{""timestamp"": ""2026-05-21T20:18:31"", ""content"": ""SPEED_UP"", ""bbox_area"": 16540.11521911621}]",DRIVING,0.1300,0.0000,False
2026-05-21T20:18:32.043,448.025,,,DRIVING,0.1300,0.0000,False
2026-05-21T20:18:32.244,448.226,,,DRIVING,0.1300,0.0000,False
2026-05-21T20:18:32.443,448.425,,,DRIVING,0.1300,0.0000,False
2026-05-21T20:18:32.644,448.626,,,DRIVING,0.1300,0.0000,False
2026-05-21T20:18:32.843,448.825,,,DRIVING,0.1300,0.0000,False
2026-05-21T20:18:33.043,449.025,,,DRIVING,0.1300,0.0000,False
2026-05-21T20:18:33.243,449.225,,,DRIVING,0.1300,0.0000,False
2026-05-21T20:18:33.443,449.425,,,DRIVING,0.1300,0.0000,False
2026-05-21T20:18:33.643,449.625,,,DRIVING,0.1300,0.0000,False
2026-05-21T20:18:33.843,449.825,,,DRIVING,0.1300,0.0000,False
2026-05-21T20:18:34.043,450.025,,,DRIVING,0.1300,0.0000,False
2026-05-21T20:18:34.243,450.225,,,DRIVING,0.1300,0.0000,False
2026-05-21T20:18:34.443,450.425,,,RECOVERING,0.1300,0.0000,False
2026-05-21T20:18:34.643,450.625,,,RECOVERING,0.1300,0.0000,False
2026-05-21T20:18:34.843,450.825,,,RECOVERING,0.1300,0.0000,False
2026-05-21T20:18:35.043,451.025,,,RECOVERING,0.1300,0.0000,False
2026-05-21T20:18:35.243,451.225,,,RECOVERING,0.1300,0.0000,False
2026-05-21T20:18:35.443,451.425,,,RECOVERING,0.1300,0.0000,False
2026-05-21T20:18:35.643,451.625,,,RECOVERING,0.1300,0.0000,False
2026-05-21T20:18:35.844,451.826,,,RECOVERING,0.1300,0.0000,False
2026-05-21T20:18:36.043,452.025,,,RECOVERING,0.1300,0.0000,False
2026-05-21T20:18:36.243,452.225,,,RECOVERING,0.1300,0.0000,False
2026-05-21T20:18:36.443,452.425,,,RECOVERING,0.1300,0.0000,False
2026-05-21T20:18:36.643,452.625,,,RECOVERING,0.1300,0.0000,False
2026-05-21T20:18:36.844,452.826,,,RECOVERING,0.1300,0.0000,False
2026-05-21T20:18:37.043,453.025,,,RECOVERING,0.1300,0.0000,False
2026-05-21T20:18:37.243,453.225,,,RECOVERING,0.1300,0.0000,False
2026-05-21T20:18:37.443,453.425,,,RECOVERING,0.1300,0.0000,False
2026-05-21T20:18:37.643,453.625,,,RECOVERING,0.1300,0.0000,False
2026-05-21T20:18:37.843,453.825,,,RECOVERING,0.1300,0.0000,False
2026-05-21T20:18:38.043,454.025,,,RECOVERING,0.1300,0.0000,False
2026-05-21T20:18:38.243,454.225,,,RECOVERING,0.1300,0.0000,False
2026-05-21T20:18:38.443,454.425,SPEED_DOWN,"[{""timestamp"": ""2026-05-21T20:18:38"", ""content"": ""SPEED_DOWN"", ""bbox_area"": 6590.391862922348}]",DRIVING,0.0800,0.0000,True
2026-05-21T20:18:38.643,454.625,,,DRIVING,0.0800,0.0000,False
2026-05-21T20:18:38.843,454.825,,,DRIVING,0.0800,0.0000,False
2026-05-21T20:18:39.043,455.025,,,DRIVING,0.0800,0.0000,False
2026-05-21T20:18:39.243,455.225,,,DRIVING,0.0800,0.0000,False
2026-05-21T20:18:39.443,455.425,,,DRIVING,0.0800,0.0000,False
2026-05-21T20:18:39.643,455.625,,,DRIVING,0.0800,0.0000,False
2026-05-21T20:18:39.843,455.825,,,DRIVING,0.0800,0.0000,False
2026-05-21T20:18:40.043,456.025,,,DRIVING,0.0800,0.0000,False
2026-05-21T20:18:40.243,456.225,,,DRIVING,0.0800,0.0000,False
2026-05-21T20:18:40.443,456.425,,,DRIVING,0.0800,0.0000,False
2026-05-21T20:18:40.643,456.625,,,DRIVING,0.0800,0.0000,False
2026-05-21T20:18:40.843,456.825,,,DRIVING,0.0800,0.0000,False
2026-05-21T20:18:41.043,457.025,,,DRIVING,0.0800,0.0000,False
2026-05-21T20:18:41.243,457.225,,,DRIVING,0.0800,0.0000,False
2026-05-21T20:18:41.443,457.425,,,RECOVERING,0.0800,0.0000,False
2026-05-21T20:18:41.643,457.625,,,RECOVERING,0.0800,0.0000,False
2026-05-21T20:18:41.843,457.825,,,RECOVERING,0.0800,0.0000,False
2026-05-21T20:18:42.043,458.025,,,RECOVERING,0.0800,0.0000,False
2026-05-21T20:18:42.243,458.225,,,RECOVERING,0.0800,0.0000,False
2026-05-21T20:18:42.443,458.425,,,RECOVERING,0.0800,0.0000,False
2026-05-21T20:18:42.643,458.625,,,RECOVERING,0.0800,0.0000,False
2026-05-21T20:18:42.843,458.825,,,RECOVERING,0.0800,0.0000,False
2026-05-21T20:18:43.043,459.025,,,RECOVERING,0.0800,0.0000,False
2026-05-21T20:18:43.243,459.225,,,RECOVERING,0.0800,0.0000,False
2026-05-21T20:18:43.443,459.425,STOP,"[{""timestamp"": ""2026-05-21T20:18:43"", ""content"": ""STOP"", ""bbox_area"": 8879.50720736431}]",STOPPED,0.0000,0.0000,True
2026-05-21T20:18:43.643,459.625,,"[{""timestamp"": ""2026-05-21T20:18:43"", ""content"": ""STOP"", ""bbox_area"": 10043.610352037707}]",STOPPED,0.0000,0.0000,False
2026-05-21T20:18:43.843,459.825,,"[{""timestamp"": ""2026-05-21T20:18:43"", ""content"": ""STOP"", ""bbox_area"": 10048.106978588039}]",STOPPED,0.0000,0.0000,False
2026-05-21T20:18:44.043,460.025,,,STOPPED,0.0000,0.0000,False
2026-05-21T20:18:44.243,460.225,,,STOPPED,0.0000,0.0000,False
2026-05-21T20:18:44.443,460.425,,,STOPPED,0.0000,0.0000,False
2026-05-21T20:18:44.643,460.625,,,STOPPED,0.0000,0.0000,False
2026-05-21T20:18:44.843,460.825,,,STOPPED,0.0000,0.0000,False
2026-05-21T20:18:45.043,461.025,,,STOPPED,0.0000,0.0000,False
2026-05-21T20:18:45.243,461.225,,,STOPPED,0.0000,0.0000,False
2026-05-21T20:18:45.443,461.425,,,STOPPED,0.0000,0.0000,False
2026-05-21T20:18:45.643,461.625,,,STOPPED,0.0000,0.0000,False
2026-05-21T20:18:45.843,461.825,,,STOPPED,0.0000,0.0000,False
2026-05-21T20:18:46.043,462.025,,,STOPPED,0.0000,0.0000,False
2026-05-21T20:18:46.243,462.225,,,STOPPED,0.0000,0.0000,False
2026-05-21T20:18:46.443,462.425,,,STOPPED,0.0000,0.0000,False
2026-05-21T20:18:46.643,462.625,,,STOPPED,0.0000,0.0000,False
2026-05-21T20:18:46.843,462.825,,,STOPPED,0.0000,0.0000,False
2026-05-21T20:18:47.043,463.025,,,STOPPED,0.0000,0.0000,False
2026-05-21T20:18:47.243,463.225,,,STOPPED,0.0000,0.0000,False
2026-05-21T20:18:47.443,463.425,,,STOPPED,0.0000,0.0000,False
2026-05-21T20:18:47.643,463.625,,,STOPPED,0.0000,0.0000,False
2026-05-21T20:18:47.843,463.825,,,STOPPED,0.0000,0.0000,False
2026-05-21T20:18:48.043,464.025,,,STOPPED,0.0000,0.0000,False
2026-05-21T20:18:48.243,464.225,,,STOPPED,0.0000,0.0000,False
2026-05-21T20:18:48.443,464.425,,,STOPPED,0.0000,0.0000,False
2026-05-21T20:18:48.643,464.625,,,STOPPED,0.0000,0.0000,False
2026-05-21T20:18:48.843,464.825,,,STOPPED,0.0000,0.0000,False
2026-05-21T20:18:49.043,465.025,,,STOPPED,0.0000,0.0000,False
2026-05-21T20:18:49.243,465.225,,,STOPPED,0.0000,0.0000,False
2026-05-21T20:18:49.443,465.425,,,STOPPED,0.0000,0.0000,False
2026-05-21T20:18:49.643,465.625,,,STOPPED,0.0000,0.0000,False
2026-05-21T20:18:49.843,465.825,,,STOPPED,0.0000,0.0000,False
2026-05-21T20:18:50.043,466.025,,,STOPPED,0.0000,0.0000,False
2026-05-21T20:18:50.243,466.225,,,STOPPED,0.0000,0.0000,False
2026-05-21T20:18:50.443,466.425,,,STOPPED,0.0000,0.0000,False
2026-05-21T20:18:50.643,466.625,,,STOPPED,0.0000,0.0000,False
2026-05-21T20:18:50.843,466.825,,,STOPPED,0.0000,0.0000,False
2026-05-21T20:18:51.043,467.025,,,STOPPED,0.0000,0.0000,False
2026-05-21T20:18:51.243,467.225,,,STOPPED,0.0000,0.0000,False
2026-05-21T20:18:51.443,467.425,,,STOPPED,0.0000,0.0000,False
2026-05-21T20:18:51.643,467.625,,,STOPPED,0.0000,0.0000,False
2026-05-21T20:18:51.844,467.826,,,STOPPED,0.0000,0.0000,False
2026-05-21T20:18:52.043,468.025,,,STOPPED,0.0000,0.0000,False
2026-05-21T20:18:52.243,468.225,,,STOPPED,0.0000,0.0000,False
2026-05-21T20:18:52.443,468.425,,,STOPPED,0.0000,0.0000,False
2026-05-21T20:18:52.643,468.625,,,STOPPED,0.0000,0.0000,False
2026-05-21T20:18:52.843,468.825,,,STOPPED,0.0000,0.0000,False
2026-05-21T20:18:53.043,469.025,,,STOPPED,0.0000,0.0000,False
2026-05-21T20:18:53.243,469.225,,,STOPPED,0.0000,0.0000,False
2026-05-21T20:18:53.443,469.425,,,STOPPED,0.0000,0.0000,False
2026-05-21T20:18:53.643,469.625,,,STOPPED,0.0000,0.0000,False
2026-05-21T20:18:53.843,469.825,,,STOPPED,0.0000,0.0000,False
2026-05-21T20:18:54.043,470.025,,,STOPPED,0.0000,0.0000,False
2026-05-21T20:18:54.243,470.225,,,STOPPED,0.0000,0.0000,False
2026-05-21T20:18:54.443,470.425,,,STOPPED,0.0000,0.0000,False
2026-05-21T20:18:54.643,470.625,,,STOPPED,0.0000,0.0000,False
2026-05-21T20:18:54.843,470.825,,,STOPPED,0.0000,0.0000,False
2026-05-21T20:18:55.043,471.025,,,STOPPED,0.0000,0.0000,False
2026-05-21T20:18:55.243,471.225,,,STOPPED,0.0000,0.0000,False
2026-05-21T20:18:55.443,471.425,,,STOPPED,0.0000,0.0000,False
2026-05-21T20:18:55.643,471.625,,,STOPPED,0.0000,0.0000,False
2026-05-21T20:18:55.843,471.825,,,STOPPED,0.0000,0.0000,False
2026-05-21T20:18:56.043,472.025,,,STOPPED,0.0000,0.0000,False
2026-05-21T20:18:56.243,472.225,,,STOPPED,0.0000,0.0000,False
2026-05-21T20:18:56.443,472.425,,,STOPPED,0.0000,0.0000,False
2026-05-21T20:18:56.643,472.625,,,STOPPED,0.0000,0.0000,False
2026-05-21T20:18:56.843,472.825,,,STOPPED,0.0000,0.0000,False
2026-05-21T20:18:57.043,473.025,,,STOPPED,0.0000,0.0000,False
2026-05-21T20:18:57.243,473.225,,,STOPPED,0.0000,0.0000,False
2026-05-21T20:18:57.443,473.425,,,STOPPED,0.0000,0.0000,False
2026-05-21T20:18:57.643,473.625,,,STOPPED,0.0000,0.0000,False
2026-05-21T20:18:57.843,473.825,,,STOPPED,0.0000,0.0000,False
2026-05-21T20:18:58.043,474.025,,,STOPPED,0.0000,0.0000,False
2026-05-21T20:18:58.243,474.225,,,STOPPED,0.0000,0.0000,False
2026-05-21T20:18:58.443,474.425,,,STOPPED,0.0000,0.0000,False
2026-05-21T20:18:58.643,474.625,,,STOPPED,0.0000,0.0000,False
2026-05-21T20:18:58.843,474.825,,,STOPPED,0.0000,0.0000,False
2026-05-21T20:18:59.043,475.025,,,STOPPED,0.0000,0.0000,False
2026-05-21T20:18:59.243,475.225,,,STOPPED,0.0000,0.0000,False
2026-05-21T20:18:59.443,475.425,,,STOPPED,0.0000,0.0000,False
2026-05-21T20:18:59.643,475.625,,,STOPPED,0.0000,0.0000,False
2026-05-21T20:18:59.843,475.825,,,STOPPED,0.0000,0.0000,False
2026-05-21T20:19:00.043,476.025,,,STOPPED,0.0000,0.0000,False
2026-05-21T20:19:00.243,476.225,,,STOPPED,0.0000,0.0000,False
2026-05-21T20:19:00.443,476.425,,,STOPPED,0.0000,0.0000,False
2026-05-21T20:19:00.644,476.626,GO,"[{""timestamp"": ""2026-05-21T20:19:00"", ""content"": ""GO"", ""bbox_area"": 13778.90443732636}]",DRIVING,0.0800,0.0000,True
2026-05-21T20:19:00.843,476.825,,"[{""timestamp"": ""2026-05-21T20:19:00"", ""content"": ""GO"", ""bbox_area"": 13742.532896196935}]",DRIVING,0.0800,0.0000,False
2026-05-21T20:19:01.043,477.025,,,DRIVING,0.0800,0.0000,False
2026-05-21T20:19:01.243,477.225,,,DRIVING,0.0800,0.0000,False
2026-05-21T20:19:01.443,477.425,,,DRIVING,0.0800,0.0000,False
2026-05-21T20:19:01.643,477.625,,,DRIVING,0.0800,0.0000,False
2026-05-21T20:19:01.843,477.825,,,DRIVING,0.0800,0.0000,False
2026-05-21T20:19:02.043,478.025,,,DRIVING,0.0800,0.0000,False
2026-05-21T20:19:02.243,478.225,,,DRIVING,0.0800,0.0000,False
2026-05-21T20:19:02.443,478.425,,,DRIVING,0.0800,0.0000,False
2026-05-21T20:19:02.643,478.625,,,DRIVING,0.0800,0.0000,False
2026-05-21T20:19:02.843,478.825,,,DRIVING,0.0800,0.0000,False
2026-05-21T20:19:03.043,479.025,,,DRIVING,0.0800,0.0000,False
2026-05-21T20:19:03.243,479.225,,,DRIVING,0.0800,0.0000,False
2026-05-21T20:19:03.443,479.425,,,DRIVING,0.0800,0.0000,False
2026-05-21T20:19:03.643,479.625,,,RECOVERING,0.0800,0.0000,False
2026-05-21T20:19:03.843,479.825,,,RECOVERING,0.0800,0.0000,False
2026-05-21T20:19:04.043,480.025,,,RECOVERING,0.0800,0.0000,False
2026-05-21T20:19:04.243,480.225,,,RECOVERING,0.0800,0.0000,False
2026-05-21T20:19:04.443,480.425,,,RECOVERING,0.0800,0.0000,False
2026-05-21T20:19:04.643,480.625,,,RECOVERING,0.0800,0.0000,False
2026-05-21T20:19:04.843,480.825,,,RECOVERING,0.0800,0.0000,False
2026-05-21T20:19:05.043,481.025,,,RECOVERING,0.0800,0.0000,False
2026-05-21T20:19:05.243,481.225,,,RECOVERING,0.0800,0.0000,False
2026-05-21T20:19:05.443,481.425,,,RECOVERING,0.0800,0.0000,False
2026-05-21T20:19:05.643,481.625,,,RECOVERING,0.0800,0.0000,False
2026-05-21T20:19:05.843,481.825,,,RECOVERING,0.0800,0.0000,False
2026-05-21T20:19:06.043,482.025,,,RECOVERING,0.0800,0.0000,False
2026-05-21T20:19:06.243,482.225,,,RECOVERING,0.0800,0.0000,False
2026-05-21T20:19:06.443,482.425,,,RECOVERING,0.0800,0.0000,False
2026-05-21T20:19:06.643,482.625,,,RECOVERING,0.0800,0.0000,False
2026-05-21T20:19:06.843,482.825,,,RECOVERING,0.0800,0.0000,False
2026-05-21T20:19:07.043,483.025,,,RECOVERING,0.0800,0.0000,False
2026-05-21T20:19:07.243,483.225,,,RECOVERING,0.0800,0.0000,False
2026-05-21T20:19:07.443,483.425,,,RECOVERING,0.0800,0.0000,False
2026-05-21T20:19:07.643,483.625,,,RECOVERING,0.0800,0.0000,False
2026-05-21T20:19:07.843,483.825,,,RECOVERING,0.0800,0.0000,False
2026-05-21T20:19:08.043,484.025,,,RECOVERING,0.0800,0.0000,False
2026-05-21T20:19:08.243,484.225,,,RECOVERING,0.0800,0.0000,False
2026-05-21T20:19:08.443,484.425,,,RECOVERING,0.0800,0.0000,False
2026-05-21T20:19:08.643,484.625,,,RECOVERING,0.0800,0.0000,False
2026-05-21T20:19:08.843,484.825,,,RECOVERING,0.0800,0.0000,False
2026-05-21T20:19:09.043,485.025,,,RECOVERING,0.0800,0.0000,False
2026-05-21T20:19:09.243,485.225,,,RECOVERING,0.0800,0.0000,False
2026-05-21T20:19:09.443,485.425,,,RECOVERING,0.0800,0.0000,False
2026-05-21T20:19:09.643,485.625,,,RECOVERING,0.0800,0.0000,False
2026-05-21T20:19:09.843,485.825,,,RECOVERING,0.0800,0.0000,False
2026-05-21T20:19:10.043,486.025,,,RECOVERING,0.0800,0.0000,False
2026-05-21T20:19:10.243,486.225,,,RECOVERING,0.0800,0.0000,False
2026-05-21T20:19:10.443,486.425,,,RECOVERING,0.0800,0.0000,False
2026-05-21T20:19:10.643,486.625,,,RECOVERING,0.0800,0.0000,False
2026-05-21T20:19:10.843,486.825,,,RECOVERING,0.0800,0.0000,False
2026-05-21T20:19:11.043,487.025,,,RECOVERING,0.0800,0.0000,False
2026-05-21T20:19:11.243,487.225,,,RECOVERING,0.0800,0.0000,False
2026-05-21T20:19:11.443,487.425,,,RECOVERING,0.0800,0.0000,False
2026-05-21T20:19:11.643,487.625,,,RECOVERING,0.0800,0.0000,False
2026-05-21T20:19:11.843,487.825,,,RECOVERING,0.0800,0.0000,False
2026-05-21T20:19:12.043,488.025,,,RECOVERING,0.0800,0.0000,False
2026-05-21T20:19:12.243,488.225,,,RECOVERING,0.0800,0.0000,False
2026-05-21T20:19:12.443,488.425,,,RECOVERING,0.0800,0.0000,False
2026-05-21T20:19:12.643,488.625,,,RECOVERING,0.0800,0.0000,False
2026-05-21T20:19:12.843,488.825,,,RECOVERING,0.0800,0.0000,False
2026-05-21T20:19:13.043,489.025,,,RECOVERING,0.0800,0.0000,False
2026-05-21T20:19:13.243,489.225,,,RECOVERING,0.0800,0.0000,False
2026-05-21T20:19:13.443,489.425,,,RECOVERING,0.0800,0.0000,False
2026-05-21T20:19:13.643,489.625,,,RECOVERING,0.0800,0.0000,False
2026-05-21T20:19:13.843,489.825,,,RECOVERING,0.0800,0.0000,False
2026-05-21T20:19:14.043,490.025,STOP,"[{""timestamp"": ""2026-05-21T20:19:13"", ""content"": ""STOP"", ""bbox_area"": 10121.643737792969}]",STOPPED,0.0000,0.0000,True
2026-05-21T20:19:14.243,490.225,,"[{""timestamp"": ""2026-05-21T20:19:14"", ""content"": ""STOP"", ""bbox_area"": 12005.773782364326}]",STOPPED,0.0000,0.0000,False
2026-05-21T20:19:14.443,490.425,,"[{""timestamp"": ""2026-05-21T20:19:14"", ""content"": ""STOP"", ""bbox_area"": 11387.049904861255}]",STOPPED,0.0000,0.0000,False
2026-05-21T20:19:14.643,490.625,,,STOPPED,0.0000,0.0000,False
2026-05-21T20:19:14.843,490.825,,,STOPPED,0.0000,0.0000,False
2026-05-21T20:19:15.043,491.025,,,STOPPED,0.0000,0.0000,False
2026-05-21T20:19:15.243,491.225,,,STOPPED,0.0000,0.0000,False
2026-05-21T20:19:15.443,491.425,,,STOPPED,0.0000,0.0000,False
2026-05-21T20:19:15.643,491.625,,,STOPPED,0.0000,0.0000,False
2026-05-21T20:19:15.843,491.825,,,STOPPED,0.0000,0.0000,False
2026-05-21T20:19:16.043,492.025,,,STOPPED,0.0000,0.0000,False
2026-05-21T20:19:16.243,492.225,,,STOPPED,0.0000,0.0000,False
2026-05-21T20:19:16.443,492.425,,,STOPPED,0.0000,0.0000,False
2026-05-21T20:19:16.643,492.625,,,STOPPED,0.0000,0.0000,False
2026-05-21T20:19:16.843,492.825,,,STOPPED,0.0000,0.0000,False
2026-05-21T20:19:17.043,493.025,,,STOPPED,0.0000,0.0000,False
2026-05-21T20:19:17.243,493.225,,,STOPPED,0.0000,0.0000,False
2026-05-21T20:19:17.443,493.425,,,STOPPED,0.0000,0.0000,False
2026-05-21T20:19:17.643,493.625,,,STOPPED,0.0000,0.0000,False
2026-05-21T20:19:17.843,493.825,,,STOPPED,0.0000,0.0000,False
2026-05-21T20:19:18.043,494.025,,,STOPPED,0.0000,0.0000,False
2026-05-21T20:19:18.243,494.225,,,STOPPED,0.0000,0.0000,False
2026-05-21T20:19:18.443,494.425,,,STOPPED,0.0000,0.0000,False
2026-05-21T20:19:18.643,494.625,,,STOPPED,0.0000,0.0000,False
2026-05-21T20:19:18.843,494.825,,,STOPPED,0.0000,0.0000,False
2026-05-21T20:19:19.043,495.025,,,STOPPED,0.0000,0.0000,False
2026-05-21T20:19:19.243,495.225,,,STOPPED,0.0000,0.0000,False
2026-05-21T20:19:19.443,495.425,,,STOPPED,0.0000,0.0000,False
2026-05-21T20:19:19.643,495.625,GO,"[{""timestamp"": ""2026-05-21T20:19:19"", ""content"": ""GO"", ""bbox_area"": 11092.125}]",DRIVING,0.0800,0.0000,True
2026-05-21T20:19:19.843,495.825,,,DRIVING,0.0800,0.0000,False
2026-05-21T20:19:20.043,496.025,,,DRIVING,0.0800,0.0000,False
2026-05-21T20:19:20.243,496.225,,,DRIVING,0.0800,0.0000,False
2026-05-21T20:19:20.443,496.425,,,DRIVING,0.0800,0.0000,False
2026-05-21T20:19:20.643,496.625,,,DRIVING,0.0800,0.0000,False
2026-05-21T20:19:20.843,496.825,,,DRIVING,0.0800,0.0000,False
2026-05-21T20:19:21.043,497.025,,,DRIVING,0.0800,0.0000,False
2026-05-21T20:19:21.243,497.225,,,DRIVING,0.0800,0.0000,False
2026-05-21T20:19:21.443,497.425,,,DRIVING,0.0800,0.0000,False
2026-05-21T20:19:21.643,497.625,,,DRIVING,0.0800,0.0000,False
2026-05-21T20:19:21.843,497.825,,,DRIVING,0.0800,0.0000,False
2026-05-21T20:19:22.043,498.025,,,DRIVING,0.0800,0.0000,False
2026-05-21T20:19:22.243,498.225,,,DRIVING,0.0800,0.0000,False
2026-05-21T20:19:22.443,498.425,,,DRIVING,0.0800,0.0000,False
2026-05-21T20:19:22.643,498.625,,,RECOVERING,0.0800,0.0000,False
2026-05-21T20:19:22.843,498.825,,,RECOVERING,0.0800,0.0000,False
2026-05-21T20:19:23.043,499.025,,,RECOVERING,0.0800,0.0000,False
2026-05-21T20:19:23.243,499.225,,,RECOVERING,0.0800,0.0000,False
2026-05-21T20:19:23.443,499.425,,,RECOVERING,0.0800,0.0000,False
2026-05-21T20:19:23.643,499.625,,,RECOVERING,0.0800,0.0000,False
2026-05-21T20:19:23.843,499.825,,,RECOVERING,0.0800,0.0000,False
2026-05-21T20:19:24.043,500.025,,,RECOVERING,0.0800,0.0000,False
2026-05-21T20:19:24.243,500.225,,,RECOVERING,0.0800,0.0000,False
2026-05-21T20:19:24.443,500.425,,,RECOVERING,0.0800,0.0000,False
2026-05-21T20:19:24.643,500.625,,,RECOVERING,0.0800,0.0000,False
2026-05-21T20:19:24.843,500.825,,,RECOVERING,0.0800,0.0000,False
2026-05-21T20:19:25.043,501.025,,,RECOVERING,0.0800,0.0000,False
2026-05-21T20:19:25.243,501.225,,,RECOVERING,0.0800,0.0000,False
2026-05-21T20:19:25.443,501.425,,,RECOVERING,0.0800,0.0000,False
2026-05-21T20:19:25.643,501.625,,,RECOVERING,0.0800,0.0000,False
2026-05-21T20:19:25.843,501.825,,,RECOVERING,0.0800,0.0000,False
2026-05-21T20:19:26.043,502.025,,,RECOVERING,0.0800,0.0000,False
2026-05-21T20:19:26.243,502.225,,,RECOVERING,0.0800,0.0000,False
2026-05-21T20:19:26.443,502.425,,,RECOVERING,0.0800,0.0000,False
2026-05-21T20:19:26.643,502.625,,,RECOVERING,0.0800,0.0000,False
2026-05-21T20:19:26.843,502.825,,,RECOVERING,0.0800,0.0000,False
2026-05-21T20:19:27.043,503.025,,,RECOVERING,0.0800,0.0000,False
2026-05-21T20:19:27.243,503.225,,,RECOVERING,0.0800,0.0000,False
2026-05-21T20:19:27.443,503.425,TURN_LEFT,"[{""timestamp"": ""2026-05-21T20:19:27"", ""content"": ""TURN_LEFT"", ""bbox_area"": 21559.30388123449}]",TURNING,0.0000,0.4000,True
2026-05-21T20:19:27.643,503.625,,,TURNING,0.0000,0.4000,False
2026-05-21T20:19:27.843,503.825,,,TURNING,0.0000,0.4000,False
2026-05-21T20:19:28.043,504.025,,,TURNING,0.0000,0.4000,False
2026-05-21T20:19:28.243,504.225,,,TURNING,0.0000,0.4000,False
2026-05-21T20:19:28.443,504.425,,,TURNING,0.0000,0.4000,False
2026-05-21T20:19:28.643,504.625,,,TURNING,0.0000,0.4000,False
2026-05-21T20:19:28.843,504.825,,,TURNING,0.0000,0.4000,False
2026-05-21T20:19:29.043,505.025,,,TURNING,0.0000,0.4000,False
2026-05-21T20:19:29.243,505.225,,,TURNING,0.0000,0.4000,False
2026-05-21T20:19:29.443,505.425,,,TURNING,0.0000,0.4000,False
2026-05-21T20:19:29.643,505.625,,,TURNING,0.0000,0.4000,False
2026-05-21T20:19:29.843,505.825,,,TURNING,0.0000,0.4000,False
2026-05-21T20:19:30.043,506.025,,,TURNING,0.0000,0.4000,False
2026-05-21T20:19:30.243,506.225,,,TURNING,0.0000,0.4000,False
2026-05-21T20:19:30.443,506.425,,,TURNING,0.0000,0.4000,False
2026-05-21T20:19:30.643,506.625,,,TURNING,0.0000,0.4000,False
2026-05-21T20:19:30.843,506.825,,,TURNING,0.0000,0.4000,False
2026-05-21T20:19:31.043,507.025,,,TURNING,0.0000,0.4000,False
2026-05-21T20:19:31.243,507.225,,,TURNING,0.0000,0.4000,False
2026-05-21T20:19:31.443,507.425,,,RECOVERING,0.0800,0.0000,False
2026-05-21T20:19:31.643,507.625,,,RECOVERING,0.0800,0.0000,False
2026-05-21T20:19:31.843,507.825,,,RECOVERING,0.0800,0.0000,False
2026-05-21T20:19:32.043,508.025,,,RECOVERING,0.0800,0.0000,False
2026-05-21T20:19:32.243,508.225,,,RECOVERING,0.0800,0.0000,False
2026-05-21T20:19:32.443,508.425,,,RECOVERING,0.0800,0.0000,False
2026-05-21T20:19:32.643,508.625,,,RECOVERING,0.0800,0.0000,False
2026-05-21T20:19:32.843,508.825,,,RECOVERING,0.0800,0.0000,False
2026-05-21T20:19:33.044,509.026,,,RECOVERING,0.0800,0.0000,False
2026-05-21T20:19:33.243,509.225,,,RECOVERING,0.0800,0.0000,False
2026-05-21T20:19:33.443,509.425,,,RECOVERING,0.0800,0.0000,False
2026-05-21T20:19:33.643,509.625,,,RECOVERING,0.0800,0.0000,False
2026-05-21T20:19:33.843,509.825,,,RECOVERING,0.0800,0.0000,False
2026-05-21T20:19:34.043,510.025,,,RECOVERING,0.0800,0.0000,False
2026-05-21T20:19:34.243,510.225,TURN_RIGHT,"[{""timestamp"": ""2026-05-21T20:19:34"", ""content"": ""TURN_RIGHT"", ""bbox_area"": 63227.51922607422}]",TURNING,0.0800,0.0000,True
2026-05-21T20:19:34.443,510.425,,,TURNING,0.0000,-0.4000,False
2026-05-21T20:19:34.643,510.625,,,TURNING,0.0000,-0.4000,False
2026-05-21T20:19:34.843,510.825,,,TURNING,0.0000,-0.4000,False
2026-05-21T20:19:35.043,511.025,,,TURNING,0.0000,-0.4000,False
2026-05-21T20:19:35.243,511.225,,,TURNING,0.0000,-0.4000,False
2026-05-21T20:19:35.443,511.425,,,TURNING,0.0000,-0.4000,False
2026-05-21T20:19:35.643,511.625,,,TURNING,0.0000,-0.4000,False
2026-05-21T20:19:35.843,511.825,,,TURNING,0.0000,-0.4000,False
2026-05-21T20:19:36.043,512.025,,,TURNING,0.0000,-0.4000,False
2026-05-21T20:19:36.243,512.225,,,TURNING,0.0000,-0.4000,False
2026-05-21T20:19:36.443,512.425,,,TURNING,0.0000,-0.4000,False
2026-05-21T20:19:36.643,512.625,,,TURNING,0.0000,-0.4000,False
2026-05-21T20:19:36.843,512.825,,,TURNING,0.0000,-0.4000,False
2026-05-21T20:19:37.043,513.025,,,TURNING,0.0000,-0.4000,False
2026-05-21T20:19:37.243,513.225,,,TURNING,0.0000,-0.4000,False
2026-05-21T20:19:37.443,513.425,,,TURNING,0.0000,-0.4000,False
2026-05-21T20:19:37.643,513.625,,,TURNING,0.0000,-0.4000,False
2026-05-21T20:19:37.843,513.825,,,TURNING,0.0000,-0.4000,False
2026-05-21T20:19:38.043,514.025,,,TURNING,0.0000,-0.4000,False
2026-05-21T20:19:38.243,514.225,,,TURNING,0.0000,-0.4000,False
2026-05-21T20:19:38.443,514.425,,,RECOVERING,0.0800,0.0000,False
2026-05-21T20:19:38.643,514.625,,,RECOVERING,0.0800,0.0000,False
2026-05-21T20:19:38.843,514.825,,,RECOVERING,0.0800,0.0000,False
2026-05-21T20:19:39.043,515.025,,,RECOVERING,0.0800,0.0000,False
2026-05-21T20:19:39.243,515.225,,,RECOVERING,0.0800,0.0000,False
2026-05-21T20:19:39.443,515.425,,,RECOVERING,0.0800,0.0000,False
2026-05-21T20:19:39.643,515.625,,,RECOVERING,0.0800,0.0000,False
2026-05-21T20:19:39.843,515.825,,,RECOVERING,0.0800,0.0000,False
2026-05-21T20:19:40.043,516.025,,,RECOVERING,0.0800,0.0000,False
2026-05-21T20:19:40.243,516.225,U_TURN,"[{""timestamp"": ""2026-05-21T20:19:40"", ""content"": ""U_TURN"", ""bbox_area"": 16537.02761350479}]",TURNING,0.0000,0.4000,True
2026-05-21T20:19:40.443,516.425,,"[{""timestamp"": ""2026-05-21T20:19:40"", ""content"": ""U_TURN"", ""bbox_area"": 17937.352699279785}]",TURNING,0.0000,0.4000,False
2026-05-21T20:19:40.643,516.625,,"[{""timestamp"": ""2026-05-21T20:19:40"", ""content"": ""U_TURN"", ""bbox_area"": 17365.13037967356}]",TURNING,0.0000,0.4000,False
2026-05-21T20:19:40.843,516.825,,,TURNING,0.0000,0.4000,False
2026-05-21T20:19:41.043,517.025,,,TURNING,0.0000,0.4000,False
2026-05-21T20:19:41.243,517.225,,,TURNING,0.0000,0.4000,False
2026-05-21T20:19:41.443,517.425,,,TURNING,0.0000,0.4000,False
2026-05-21T20:19:41.643,517.625,,,TURNING,0.0000,0.4000,False
2026-05-21T20:19:41.843,517.825,,,TURNING,0.0000,0.4000,False
2026-05-21T20:19:42.043,518.025,,,TURNING,0.0000,0.4000,False
2026-05-21T20:19:42.243,518.225,,,TURNING,0.0000,0.4000,False
2026-05-21T20:19:42.443,518.425,,,TURNING,0.0000,0.4000,False
2026-05-21T20:19:42.643,518.625,,,TURNING,0.0000,0.4000,False
2026-05-21T20:19:42.843,518.825,,,TURNING,0.0000,0.4000,False
2026-05-21T20:19:43.043,519.025,,,TURNING,0.0000,0.4000,False
2026-05-21T20:19:43.243,519.225,,,TURNING,0.0000,0.4000,False
2026-05-21T20:19:43.443,519.425,,,TURNING,0.0000,0.4000,False
2026-05-21T20:19:43.643,519.625,,,TURNING,0.0000,0.4000,False
2026-05-21T20:19:43.843,519.825,,,TURNING,0.0000,0.4000,False
2026-05-21T20:19:44.043,520.025,,,TURNING,0.0000,0.4000,False
2026-05-21T20:19:44.243,520.225,,,TURNING,0.0000,0.4000,False
2026-05-21T20:19:44.443,520.425,,,TURNING,0.0000,0.4000,False
2026-05-21T20:19:44.643,520.625,,,TURNING,0.0000,0.4000,False
2026-05-21T20:19:44.843,520.825,,,TURNING,0.0000,0.4000,False
2026-05-21T20:19:45.044,521.026,,,TURNING,0.0000,0.4000,False
2026-05-21T20:19:45.243,521.225,,,TURNING,0.0000,0.4000,False
2026-05-21T20:19:45.443,521.425,,,TURNING,0.0000,0.4000,False
2026-05-21T20:19:45.643,521.625,,,TURNING,0.0000,0.4000,False
2026-05-21T20:19:45.843,521.825,,,TURNING,0.0000,0.4000,False
2026-05-21T20:19:46.043,522.025,,,TURNING,0.0000,0.4000,False
2026-05-21T20:19:46.243,522.225,,,TURNING,0.0000,0.4000,False
2026-05-21T20:19:46.443,522.425,,,TURNING,0.0000,0.4000,False
2026-05-21T20:19:46.643,522.625,,,TURNING,0.0000,0.4000,False
2026-05-21T20:19:46.843,522.825,,,TURNING,0.0000,0.4000,False
2026-05-21T20:19:47.043,523.025,,,TURNING,0.0000,0.4000,False
2026-05-21T20:19:47.243,523.225,,,TURNING,0.0000,0.4000,False
2026-05-21T20:19:47.443,523.425,,,TURNING,0.0000,0.4000,False
2026-05-21T20:19:47.643,523.625,,,TURNING,0.0000,0.4000,False
2026-05-21T20:19:47.844,523.826,,,TURNING,0.0000,0.4000,False
2026-05-21T20:19:48.043,524.025,,,TURNING,0.0000,0.4000,False
2026-05-21T20:19:48.243,524.225,,,RECOVERING,0.0800,0.0000,False
2026-05-21T20:19:48.443,524.425,,,RECOVERING,0.0800,0.0000,False
2026-05-21T20:19:48.643,524.625,,,RECOVERING,0.0800,0.0000,False
2026-05-21T20:19:48.843,524.825,,,RECOVERING,0.0800,0.0000,False
2026-05-21T20:19:49.043,525.025,,,RECOVERING,0.0800,0.0000,False
2026-05-21T20:19:49.243,525.225,,,RECOVERING,0.0800,0.0000,False
2026-05-21T20:19:49.443,525.425,,,RECOVERING,0.0800,0.0000,False
2026-05-21T20:19:49.643,525.625,,,RECOVERING,0.0800,0.0000,False
2026-05-21T20:19:49.843,525.825,,,RECOVERING,0.0800,0.0000,False
2026-05-21T20:19:50.043,526.025,,,RECOVERING,0.0800,0.0000,False
2026-05-21T20:19:50.243,526.225,,,RECOVERING,0.0800,0.0000,False
2026-05-21T20:19:50.443,526.425,,,RECOVERING,0.0800,0.0000,False
2026-05-21T20:19:50.643,526.625,,,RECOVERING,0.0800,0.0000,False
2026-05-21T20:19:50.843,526.825,,,RECOVERING,0.0800,0.0000,False
2026-05-21T20:19:51.043,527.025,,,RECOVERING,0.0800,0.0000,False
2026-05-21T20:19:51.243,527.225,,,RECOVERING,0.0800,0.0000,False
2026-05-21T20:19:51.443,527.425,,,RECOVERING,0.0800,0.0000,False
2026-05-21T20:19:51.643,527.625,,,RECOVERING,0.0800,0.0000,False
2026-05-21T20:19:51.843,527.825,,,RECOVERING,0.0800,0.0000,False
2026-05-21T20:19:52.043,528.025,,,RECOVERING,0.0800,0.0000,False
2026-05-21T20:19:52.243,528.225,,,RECOVERING,0.0800,0.0000,False
2026-05-21T20:19:52.443,528.425,,,RECOVERING,0.0800,0.0000,False
2026-05-21T20:19:52.643,528.625,,,RECOVERING,0.0800,0.0000,False
2026-05-21T20:19:52.843,528.825,,,RECOVERING,0.0800,0.0000,False
2026-05-21T20:19:53.043,529.025,,,RECOVERING,0.0800,0.0000,False
2026-05-21T20:19:53.243,529.225,,,RECOVERING,0.0800,0.0000,False
2026-05-21T20:19:53.443,529.425,,,RECOVERING,0.0800,0.0000,False
2026-05-21T20:19:53.643,529.625,,,RECOVERING,0.0800,0.0000,False
2026-05-21T20:19:53.844,529.826,,,RECOVERING,0.0800,0.0000,False
2026-05-21T20:19:54.043,530.025,,,RECOVERING,0.0800,0.0000,False
2026-05-21T20:19:54.243,530.225,,,RECOVERING,0.0800,0.0000,False
2026-05-21T20:19:54.443,530.425,,,RECOVERING,0.0800,0.0000,False
2026-05-21T20:19:54.643,530.625,,,RECOVERING,0.0800,0.0000,False
2026-05-21T20:19:54.843,530.825,,,RECOVERING,0.0800,0.0000,False
2026-05-21T20:19:55.043,531.025,,,RECOVERING,0.0800,0.0000,False
2026-05-21T20:19:55.243,531.225,,,RECOVERING,0.0800,0.0000,False
2026-05-21T20:19:55.443,531.425,,,RECOVERING,0.0800,0.0000,False
2026-05-21T20:19:55.643,531.625,,,RECOVERING,0.0800,0.0000,False
2026-05-21T20:19:55.843,531.825,,,RECOVERING,0.0800,0.0000,False
2026-05-21T20:19:56.043,532.025,,,RECOVERING,0.0800,0.0000,False
2026-05-21T20:19:56.243,532.225,,,RECOVERING,0.0800,0.0000,False
2026-05-21T20:19:56.443,532.425,,,RECOVERING,0.0800,0.0000,False
2026-05-21T20:19:56.643,532.625,,,RECOVERING,0.0800,0.0000,False
2026-05-21T20:19:56.843,532.825,,,RECOVERING,0.0800,0.0000,False
2026-05-21T20:19:57.043,533.025,,,RECOVERING,0.0800,0.0000,False
2026-05-21T20:19:57.243,533.225,,,RECOVERING,0.0800,0.0000,False
2026-05-21T20:19:57.443,533.425,,,RECOVERING,0.0800,0.0000,False
2026-05-21T20:19:57.643,533.625,,,RECOVERING,0.0800,0.0000,False
2026-05-21T20:19:57.843,533.825,,,RECOVERING,0.0800,0.0000,False
2026-05-21T20:19:58.043,534.025,,,RECOVERING,0.0800,0.0000,False
2026-05-21T20:19:58.243,534.225,,,RECOVERING,0.0800,0.0000,False
2026-05-21T20:19:58.443,534.425,,,RECOVERING,0.0800,0.0000,False
2026-05-21T20:19:58.643,534.625,,,RECOVERING,0.0800,0.0000,False
2026-05-21T20:19:58.843,534.825,,,RECOVERING,0.0800,0.0000,False
2026-05-21T20:19:59.043,535.025,,,RECOVERING,0.0800,0.0000,False
2026-05-21T20:19:59.243,535.225,,,RECOVERING,0.0800,0.0000,False
2026-05-21T20:19:59.443,535.425,,,RECOVERING,0.0800,0.0000,False
2026-05-21T20:19:59.643,535.625,,,RECOVERING,0.0800,0.0000,False
2026-05-21T20:19:59.843,535.825,,,RECOVERING,0.0800,0.0000,False
2026-05-21T20:20:00.043,536.025,,,RECOVERING,0.0800,0.0000,False
2026-05-21T20:20:00.243,536.225,,,RECOVERING,0.0800,0.0000,False
2026-05-21T20:20:00.443,536.425,,,RECOVERING,0.0800,0.0000,False
2026-05-21T20:20:00.643,536.625,,,RECOVERING,0.0800,0.0000,False
2026-05-21T20:20:00.843,536.825,,,RECOVERING,0.0800,0.0000,False
2026-05-21T20:20:01.043,537.025,,,RECOVERING,0.0800,0.0000,False
2026-05-21T20:20:01.243,537.225,,,RECOVERING,0.0800,0.0000,False
2026-05-21T20:20:01.443,537.425,,,RECOVERING,0.0800,0.0000,False
2026-05-21T20:20:01.643,537.625,,,RECOVERING,0.0800,0.0000,False
2026-05-21T20:20:01.843,537.825,,,RECOVERING,0.0800,0.0000,False
2026-05-21T20:20:02.043,538.025,,,RECOVERING,0.0800,0.0000,False
2026-05-21T20:20:02.243,538.225,,,RECOVERING,0.0800,0.0000,False
2026-05-21T20:20:02.443,538.425,,,RECOVERING,0.0800,0.0000,False
2026-05-21T20:20:02.643,538.625,,,RECOVERING,0.0800,0.0000,False
2026-05-21T20:20:02.843,538.825,,,RECOVERING,0.0800,0.0000,False
2026-05-21T20:20:03.043,539.025,,,RECOVERING,0.0800,0.0000,False
2026-05-21T20:20:03.243,539.225,,,RECOVERING,0.0800,0.0000,False
2026-05-21T20:20:03.443,539.425,,,RECOVERING,0.0800,0.0000,False
2026-05-21T20:20:03.643,539.625,,,RECOVERING,0.0800,0.0000,False
2026-05-21T20:20:03.843,539.825,,,RECOVERING,0.0800,0.0000,False
2026-05-21T20:20:04.043,540.025,,,RECOVERING,0.0800,0.0000,False
2026-05-21T20:20:04.243,540.225,,,RECOVERING,0.0800,0.0000,False
2026-05-21T20:20:04.443,540.425,,,RECOVERING,0.0800,0.0000,False
2026-05-21T20:20:04.643,540.625,,,RECOVERING,0.0800,0.0000,False
2026-05-21T20:20:04.843,540.825,,,RECOVERING,0.0800,0.0000,False
2026-05-21T20:20:05.043,541.025,,,RECOVERING,0.0800,0.0000,False
2026-05-21T20:20:05.243,541.225,,,RECOVERING,0.0800,0.0000,False
2026-05-21T20:20:05.443,541.425,,,RECOVERING,0.0800,0.0000,False
2026-05-21T20:20:05.643,541.625,,,RECOVERING,0.0800,0.0000,False
2026-05-21T20:20:05.843,541.825,,,RECOVERING,0.0800,0.0000,False
2026-05-21T20:20:06.043,542.025,,,RECOVERING,0.0800,0.0000,False
2026-05-21T20:20:06.243,542.225,,,RECOVERING,0.0800,0.0000,False
2026-05-21T20:20:06.443,542.425,,,RECOVERING,0.0800,0.0000,False
2026-05-21T20:20:06.643,542.625,,,RECOVERING,0.0800,0.0000,False
2026-05-21T20:20:06.843,542.825,,,RECOVERING,0.0800,0.0000,False
2026-05-21T20:20:07.043,543.025,,,RECOVERING,0.0800,0.0000,False
2026-05-21T20:20:07.243,543.225,SPEED_UP,"[{""timestamp"": ""2026-05-21T20:20:07"", ""content"": ""SPEED_UP"", ""bbox_area"": 15744.67469476536}]",DRIVING,0.1300,0.0000,True
2026-05-21T20:20:07.443,543.425,,,DRIVING,0.1300,0.0000,False
2026-05-21T20:20:07.643,543.625,,,DRIVING,0.1300,0.0000,False
2026-05-21T20:20:07.843,543.825,,"[{""timestamp"": ""2026-05-21T20:20:07"", ""content"": ""SPEED_UP"", ""bbox_area"": 17989.915958969388}]",DRIVING,0.1300,0.0000,False
2026-05-21T20:20:08.043,544.025,,,DRIVING,0.1300,0.0000,False
2026-05-21T20:20:08.243,544.225,,,DRIVING,0.1300,0.0000,False
2026-05-21T20:20:08.443,544.425,,,DRIVING,0.1300,0.0000,False
2026-05-21T20:20:08.643,544.625,,,DRIVING,0.1300,0.0000,False
2026-05-21T20:20:08.843,544.825,,,DRIVING,0.1300,0.0000,False
2026-05-21T20:20:09.043,545.025,,,DRIVING,0.1300,0.0000,False
2026-05-21T20:20:09.243,545.225,,,DRIVING,0.1300,0.0000,False
2026-05-21T20:20:09.443,545.425,,,DRIVING,0.1300,0.0000,False
2026-05-21T20:20:09.643,545.625,,,DRIVING,0.1300,0.0000,False
2026-05-21T20:20:09.843,545.825,,,DRIVING,0.1300,0.0000,False
2026-05-21T20:20:10.043,546.025,,,DRIVING,0.1300,0.0000,False
2026-05-21T20:20:10.243,546.225,,,RECOVERING,0.1300,0.0000,False
2026-05-21T20:20:10.443,546.425,,,RECOVERING,0.1300,0.0000,False
2026-05-21T20:20:10.643,546.625,,,RECOVERING,0.1300,0.0000,False
2026-05-21T20:20:10.843,546.825,,,RECOVERING,0.1300,0.0000,False
2026-05-21T20:20:11.043,547.025,,,RECOVERING,0.1300,0.0000,False
2026-05-21T20:20:11.243,547.225,,,RECOVERING,0.1300,0.0000,False
2026-05-21T20:20:11.443,547.425,,,RECOVERING,0.1300,0.0000,False
2026-05-21T20:20:11.643,547.625,,,RECOVERING,0.1300,0.0000,False
2026-05-21T20:20:11.844,547.826,,,RECOVERING,0.1300,0.0000,False
2026-05-21T20:20:12.043,548.025,,,RECOVERING,0.1300,0.0000,False
2026-05-21T20:20:12.243,548.225,,,RECOVERING,0.1300,0.0000,False
2026-05-21T20:20:12.443,548.425,,,RECOVERING,0.1300,0.0000,False
2026-05-21T20:20:12.643,548.625,,,RECOVERING,0.1300,0.0000,False
2026-05-21T20:20:12.843,548.825,,,RECOVERING,0.1300,0.0000,False
2026-05-21T20:20:13.043,549.025,,,RECOVERING,0.1300,0.0000,False
2026-05-21T20:20:13.243,549.225,,,RECOVERING,0.1300,0.0000,False
2026-05-21T20:20:13.443,549.425,,,RECOVERING,0.1300,0.0000,False
2026-05-21T20:20:13.643,549.625,,,RECOVERING,0.1300,0.0000,False
2026-05-21T20:20:13.843,549.825,,,RECOVERING,0.1300,0.0000,False
2026-05-21T20:20:14.043,550.025,,,RECOVERING,0.1300,0.0000,False
2026-05-21T20:20:14.243,550.225,,,RECOVERING,0.1300,0.0000,False
2026-05-21T20:20:14.443,550.425,,,RECOVERING,0.1300,0.0000,False
2026-05-21T20:20:14.643,550.625,,,RECOVERING,0.1300,0.0000,False
2026-05-21T20:20:14.843,550.825,,,RECOVERING,0.1300,0.0000,False
2026-05-21T20:20:15.043,551.025,,,RECOVERING,0.1300,0.0000,False
2026-05-21T20:20:15.243,551.225,,,RECOVERING,0.1300,0.0000,False
2026-05-21T20:20:15.443,551.425,,,RECOVERING,0.1300,0.0000,False
2026-05-21T20:20:15.643,551.625,,,RECOVERING,0.1300,0.0000,False
2026-05-21T20:20:15.843,551.825,,,RECOVERING,0.1300,0.0000,False
2026-05-21T20:20:16.043,552.025,,,RECOVERING,0.1300,0.0000,False
2026-05-21T20:20:16.243,552.225,,,RECOVERING,0.1300,0.0000,False
2026-05-21T20:20:16.443,552.425,,,RECOVERING,0.1300,0.0000,False
2026-05-21T20:20:16.643,552.625,,,RECOVERING,0.1300,0.0000,False
2026-05-21T20:20:16.843,552.825,,,RECOVERING,0.1300,0.0000,False
2026-05-21T20:20:17.043,553.025,,,RECOVERING,0.1300,0.0000,False
2026-05-21T20:20:17.243,553.225,SPEED_DOWN,"[{""timestamp"": ""2026-05-21T20:20:17"", ""content"": ""SPEED_DOWN"", ""bbox_area"": 18293.615600585938}]",DRIVING,0.0800,0.0000,True
2026-05-21T20:20:17.443,553.425,,,DRIVING,0.0800,0.0000,False
2026-05-21T20:20:17.643,553.625,,,DRIVING,0.0800,0.0000,False
2026-05-21T20:20:17.843,553.825,,"[{""timestamp"": ""2026-05-21T20:20:17"", ""content"": ""SPEED_DOWN"", ""bbox_area"": 11939.24494934082}]",DRIVING,0.0800,0.0000,False
2026-05-21T20:20:18.043,554.025,,,DRIVING,0.0800,0.0000,False
2026-05-21T20:20:18.243,554.225,,,DRIVING,0.0800,0.0000,False
2026-05-21T20:20:18.443,554.425,,,DRIVING,0.0800,0.0000,False
2026-05-21T20:20:18.643,554.625,,,DRIVING,0.0800,0.0000,False
2026-05-21T20:20:18.843,554.825,,,DRIVING,0.0800,0.0000,False
2026-05-21T20:20:19.043,555.025,,,DRIVING,0.0800,0.0000,False
2026-05-21T20:20:19.243,555.225,,,DRIVING,0.0800,0.0000,False
2026-05-21T20:20:19.443,555.425,,,DRIVING,0.0800,0.0000,False
2026-05-21T20:20:19.643,555.625,,,DRIVING,0.0800,0.0000,False
2026-05-21T20:20:19.843,555.825,,,DRIVING,0.0800,0.0000,False
2026-05-21T20:20:20.043,556.025,,,DRIVING,0.0800,0.0000,False
2026-05-21T20:20:20.243,556.225,,,RECOVERING,0.0800,0.0000,False
2026-05-21T20:20:20.443,556.425,,,RECOVERING,0.0800,0.0000,False
2026-05-21T20:20:20.643,556.625,,,RECOVERING,0.0800,0.0000,False
2026-05-21T20:20:20.843,556.825,,,RECOVERING,0.0800,0.0000,False
2026-05-21T20:20:21.043,557.025,,,RECOVERING,0.0800,0.0000,False
2026-05-21T20:20:21.243,557.225,,,RECOVERING,0.0800,0.0000,False
2026-05-21T20:20:21.443,557.425,,,RECOVERING,0.0800,0.0000,False
2026-05-21T20:20:21.643,557.625,,,RECOVERING,0.0800,0.0000,False
2026-05-21T20:20:21.843,557.825,,,RECOVERING,0.0800,0.0000,False
2026-05-21T20:20:22.043,558.025,,,RECOVERING,0.0800,0.0000,False
2026-05-21T20:20:22.243,558.225,,,RECOVERING,0.0800,0.0000,False
2026-05-21T20:20:22.443,558.425,,,RECOVERING,0.0800,0.0000,False
2026-05-21T20:20:22.643,558.625,,,RECOVERING,0.0800,0.0000,False
2026-05-21T20:20:22.843,558.825,,,RECOVERING,0.0800,0.0000,False
2026-05-21T20:20:23.043,559.025,,,RECOVERING,0.0800,0.0000,False
2026-05-21T20:20:23.243,559.225,,,RECOVERING,0.0800,0.0000,False
2026-05-21T20:20:23.443,559.425,,,RECOVERING,0.0800,0.0000,False
2026-05-21T20:20:23.643,559.625,,,RECOVERING,0.0800,0.0000,False
2026-05-21T20:20:23.843,559.825,,,RECOVERING,0.0800,0.0000,False
2026-05-21T20:20:24.043,560.025,STOP,"[{""timestamp"": ""2026-05-21T20:20:23"", ""content"": ""STOP"", ""bbox_area"": 18558.05080611212}]",STOPPED,0.0000,0.0000,True
2026-05-21T20:20:24.243,560.225,,,STOPPED,0.0000,0.0000,False
2026-05-21T20:20:24.443,560.425,,,STOPPED,0.0000,0.0000,False
2026-05-21T20:20:24.644,560.626,,"[{""timestamp"": ""2026-05-21T20:20:24"", ""content"": ""STOP"", ""bbox_area"": 23330.5}]",STOPPED,0.0000,0.0000,False
2026-05-21T20:20:24.843,560.825,,,STOPPED,0.0000,0.0000,False
2026-05-21T20:20:25.043,561.025,,,STOPPED,0.0000,0.0000,False
2026-05-21T20:20:25.243,561.225,,,STOPPED,0.0000,0.0000,False
2026-05-21T20:20:25.443,561.425,,,STOPPED,0.0000,0.0000,False
2026-05-21T20:20:25.643,561.625,,,STOPPED,0.0000,0.0000,False
2026-05-21T20:20:25.843,561.825,,,STOPPED,0.0000,0.0000,False
2026-05-21T20:20:26.043,562.025,,,STOPPED,0.0000,0.0000,False
2026-05-21T20:20:26.243,562.225,,,STOPPED,0.0000,0.0000,False
2026-05-21T20:20:26.443,562.425,,,STOPPED,0.0000,0.0000,False
2026-05-21T20:20:26.643,562.625,,,STOPPED,0.0000,0.0000,False
2026-05-21T20:20:26.843,562.825,,,STOPPED,0.0000,0.0000,False
2026-05-21T20:20:27.043,563.025,,,STOPPED,0.0000,0.0000,False
2026-05-21T20:20:27.243,563.225,,,STOPPED,0.0000,0.0000,False
2026-05-21T20:20:27.443,563.425,,,STOPPED,0.0000,0.0000,False
2026-05-21T20:20:27.643,563.625,,,STOPPED,0.0000,0.0000,False
2026-05-21T20:20:27.843,563.825,,,STOPPED,0.0000,0.0000,False
2026-05-21T20:20:28.043,564.025,,,STOPPED,0.0000,0.0000,False
2026-05-21T20:20:28.243,564.225,,,STOPPED,0.0000,0.0000,False
2026-05-21T20:20:28.443,564.425,,,STOPPED,0.0000,0.0000,False
2026-05-21T20:20:28.643,564.625,,,STOPPED,0.0000,0.0000,False
2026-05-21T20:20:28.843,564.825,,,STOPPED,0.0000,0.0000,False
2026-05-21T20:20:29.043,565.025,,,STOPPED,0.0000,0.0000,False
2026-05-21T20:20:29.243,565.225,,,STOPPED,0.0000,0.0000,False
2026-05-21T20:20:29.443,565.425,,,STOPPED,0.0000,0.0000,False
2026-05-21T20:20:29.643,565.625,,,STOPPED,0.0000,0.0000,False
2026-05-21T20:20:29.843,565.825,,,STOPPED,0.0000,0.0000,False
2026-05-21T20:20:30.043,566.025,,,STOPPED,0.0000,0.0000,False
2026-05-21T20:20:30.243,566.225,,,STOPPED,0.0000,0.0000,False
2026-05-21T20:20:30.443,566.425,,,STOPPED,0.0000,0.0000,False
2026-05-21T20:20:30.643,566.625,,,STOPPED,0.0000,0.0000,False
2026-05-21T20:20:30.843,566.825,,,STOPPED,0.0000,0.0000,False
2026-05-21T20:20:31.043,567.025,,,STOPPED,0.0000,0.0000,False
2026-05-21T20:20:31.243,567.225,,,STOPPED,0.0000,0.0000,False
2026-05-21T20:20:31.443,567.425,,,STOPPED,0.0000,0.0000,False
2026-05-21T20:20:31.643,567.625,,,STOPPED,0.0000,0.0000,False
2026-05-21T20:20:31.843,567.825,,,STOPPED,0.0000,0.0000,False
2026-05-21T20:20:32.043,568.025,,,STOPPED,0.0000,0.0000,False
2026-05-21T20:20:32.243,568.225,,,STOPPED,0.0000,0.0000,False
2026-05-21T20:20:32.443,568.425,,,STOPPED,0.0000,0.0000,False
2026-05-21T20:20:32.643,568.625,,,STOPPED,0.0000,0.0000,False
2026-05-21T20:20:32.843,568.825,,,STOPPED,0.0000,0.0000,False
2026-05-21T20:20:33.043,569.025,,,STOPPED,0.0000,0.0000,False
2026-05-21T20:20:33.243,569.225,,,STOPPED,0.0000,0.0000,False
2026-05-21T20:20:33.443,569.425,,,STOPPED,0.0000,0.0000,False
2026-05-21T20:20:33.643,569.625,,,STOPPED,0.0000,0.0000,False
2026-05-21T20:20:33.843,569.825,,,STOPPED,0.0000,0.0000,False
2026-05-21T20:20:34.043,570.025,,,STOPPED,0.0000,0.0000,False
2026-05-21T20:20:34.243,570.225,,,STOPPED,0.0000,0.0000,False
2026-05-21T20:20:34.443,570.425,,,STOPPED,0.0000,0.0000,False
2026-05-21T20:20:34.643,570.625,,,STOPPED,0.0000,0.0000,False
2026-05-21T20:20:34.843,570.825,,,STOPPED,0.0000,0.0000,False
2026-05-21T20:20:35.043,571.025,,,STOPPED,0.0000,0.0000,False
2026-05-21T20:20:35.243,571.225,,,STOPPED,0.0000,0.0000,False
2026-05-21T20:20:35.443,571.425,,,STOPPED,0.0000,0.0000,False
2026-05-21T20:20:35.643,571.625,,,STOPPED,0.0000,0.0000,False
2026-05-21T20:20:35.843,571.825,,,STOPPED,0.0000,0.0000,False
2026-05-21T20:20:36.043,572.025,,,STOPPED,0.0000,0.0000,False
2026-05-21T20:20:36.243,572.225,,,STOPPED,0.0000,0.0000,False
2026-05-21T20:20:36.443,572.425,,,STOPPED,0.0000,0.0000,False
2026-05-21T20:20:36.643,572.625,,,STOPPED,0.0000,0.0000,False
2026-05-21T20:20:36.843,572.825,,,STOPPED,0.0000,0.0000,False
2026-05-21T20:20:37.043,573.025,,,STOPPED,0.0000,0.0000,False
2026-05-21T20:20:37.243,573.225,,,STOPPED,0.0000,0.0000,False
2026-05-21T20:20:37.443,573.425,,,STOPPED,0.0000,0.0000,False
2026-05-21T20:20:37.643,573.625,,,STOPPED,0.0000,0.0000,False
2026-05-21T20:20:37.843,573.825,,,STOPPED,0.0000,0.0000,False
2026-05-21T20:20:38.043,574.025,,,STOPPED,0.0000,0.0000,False
2026-05-21T20:20:38.243,574.225,,,STOPPED,0.0000,0.0000,False
2026-05-21T20:20:38.443,574.425,,,STOPPED,0.0000,0.0000,False
2026-05-21T20:20:38.643,574.625,,,STOPPED,0.0000,0.0000,False
2026-05-21T20:20:38.843,574.825,,,STOPPED,0.0000,0.0000,False
2026-05-21T20:20:39.043,575.025,,,STOPPED,0.0000,0.0000,False
2026-05-21T20:20:39.243,575.225,,,STOPPED,0.0000,0.0000,False
2026-05-21T20:20:39.443,575.425,,,STOPPED,0.0000,0.0000,False
2026-05-21T20:20:39.643,575.625,,,STOPPED,0.0000,0.0000,False
2026-05-21T20:20:39.843,575.825,,,STOPPED,0.0000,0.0000,False
2026-05-21T20:20:40.043,576.025,,,STOPPED,0.0000,0.0000,False
2026-05-21T20:20:40.243,576.225,,,STOPPED,0.0000,0.0000,False
2026-05-21T20:20:40.443,576.425,,,STOPPED,0.0000,0.0000,False
2026-05-21T20:20:40.643,576.625,,,STOPPED,0.0000,0.0000,False
2026-05-21T20:20:40.843,576.825,,,STOPPED,0.0000,0.0000,False
2026-05-21T20:20:41.043,577.025,,,STOPPED,0.0000,0.0000,False
2026-05-21T20:20:41.243,577.225,,,STOPPED,0.0000,0.0000,False
2026-05-21T20:20:41.443,577.425,,,STOPPED,0.0000,0.0000,False
2026-05-21T20:20:41.643,577.625,,,STOPPED,0.0000,0.0000,False
2026-05-21T20:20:41.843,577.825,,,STOPPED,0.0000,0.0000,False
2026-05-21T20:20:42.043,578.025,,,STOPPED,0.0000,0.0000,False
2026-05-21T20:20:42.243,578.225,,,STOPPED,0.0000,0.0000,False
2026-05-21T20:20:42.443,578.425,,,STOPPED,0.0000,0.0000,False
2026-05-21T20:20:42.643,578.625,,,STOPPED,0.0000,0.0000,False
2026-05-21T20:20:42.843,578.825,,,STOPPED,0.0000,0.0000,False
2026-05-21T20:20:43.043,579.025,,,STOPPED,0.0000,0.0000,False
2026-05-21T20:20:43.243,579.225,,,STOPPED,0.0000,0.0000,False
2026-05-21T20:20:43.443,579.425,,,STOPPED,0.0000,0.0000,False
2026-05-21T20:20:43.643,579.625,,,STOPPED,0.0000,0.0000,False
2026-05-21T20:20:43.843,579.825,,,STOPPED,0.0000,0.0000,False
2026-05-21T20:20:44.043,580.025,,,STOPPED,0.0000,0.0000,False
2026-05-21T20:20:44.243,580.225,,,STOPPED,0.0000,0.0000,False
2026-05-21T20:20:44.443,580.425,,,STOPPED,0.0000,0.0000,False
2026-05-21T20:20:44.643,580.625,,,STOPPED,0.0000,0.0000,False
2026-05-21T20:20:44.843,580.825,,,STOPPED,0.0000,0.0000,False
2026-05-21T20:20:45.043,581.025,,,STOPPED,0.0000,0.0000,False
2026-05-21T20:20:45.243,581.225,,,STOPPED,0.0000,0.0000,False
2026-05-21T20:20:45.443,581.425,,,STOPPED,0.0000,0.0000,False
2026-05-21T20:20:45.643,581.625,,,STOPPED,0.0000,0.0000,False
2026-05-21T20:20:45.843,581.825,,,STOPPED,0.0000,0.0000,False
2026-05-21T20:20:46.043,582.025,,,STOPPED,0.0000,0.0000,False
2026-05-21T20:20:46.243,582.225,,,STOPPED,0.0000,0.0000,False
2026-05-21T20:20:46.443,582.425,,,STOPPED,0.0000,0.0000,False
2026-05-21T20:20:46.643,582.625,,,STOPPED,0.0000,0.0000,False
2026-05-21T20:20:46.843,582.825,,,STOPPED,0.0000,0.0000,False
2026-05-21T20:20:47.043,583.025,,,STOPPED,0.0000,0.0000,False
2026-05-21T20:20:47.243,583.225,,,STOPPED,0.0000,0.0000,False
2026-05-21T20:20:47.443,583.425,,,STOPPED,0.0000,0.0000,False
2026-05-21T20:20:47.643,583.625,,,STOPPED,0.0000,0.0000,False
2026-05-21T20:20:47.843,583.825,,,STOPPED,0.0000,0.0000,False
2026-05-21T20:20:48.043,584.025,,,STOPPED,0.0000,0.0000,False
2026-05-21T20:20:48.243,584.225,,,STOPPED,0.0000,0.0000,False
2026-05-21T20:20:48.443,584.425,,,STOPPED,0.0000,0.0000,False
2026-05-21T20:20:48.643,584.625,,,STOPPED,0.0000,0.0000,False
2026-05-21T20:20:48.843,584.825,,,STOPPED,0.0000,0.0000,False
2026-05-21T20:20:49.043,585.025,,,STOPPED,0.0000,0.0000,False
2026-05-21T20:20:49.243,585.225,,,STOPPED,0.0000,0.0000,False
2026-05-21T20:20:49.443,585.425,,,STOPPED,0.0000,0.0000,False
2026-05-21T20:20:49.643,585.625,,,STOPPED,0.0000,0.0000,False
2026-05-21T20:20:49.843,585.825,,,STOPPED,0.0000,0.0000,False
2026-05-21T20:20:50.043,586.025,,,STOPPED,0.0000,0.0000,False
2026-05-21T20:20:50.243,586.225,,,STOPPED,0.0000,0.0000,False
2026-05-21T20:20:50.443,586.425,,,STOPPED,0.0000,0.0000,False
2026-05-21T20:20:50.643,586.625,,,STOPPED,0.0000,0.0000,False
2026-05-21T20:20:50.843,586.825,,,STOPPED,0.0000,0.0000,False
2026-05-21T20:20:51.043,587.025,,,STOPPED,0.0000,0.0000,False
2026-05-21T20:20:51.243,587.225,,,STOPPED,0.0000,0.0000,False
2026-05-21T20:20:51.443,587.425,,,STOPPED,0.0000,0.0000,False
2026-05-21T20:20:51.643,587.625,,,STOPPED,0.0000,0.0000,False
2026-05-21T20:20:51.843,587.825,,,STOPPED,0.0000,0.0000,False
2026-05-21T20:20:52.043,588.025,,,STOPPED,0.0000,0.0000,False
2026-05-21T20:20:52.243,588.225,,,STOPPED,0.0000,0.0000,False
2026-05-21T20:20:52.443,588.425,,,STOPPED,0.0000,0.0000,False
2026-05-21T20:20:52.643,588.625,,,STOPPED,0.0000,0.0000,False
2026-05-21T20:20:52.843,588.825,,,STOPPED,0.0000,0.0000,False
2026-05-21T20:20:53.043,589.025,,,STOPPED,0.0000,0.0000,False
2026-05-21T20:20:53.243,589.225,,,STOPPED,0.0000,0.0000,False
2026-05-21T20:20:53.443,589.425,,,STOPPED,0.0000,0.0000,False
2026-05-21T20:20:53.643,589.625,,,STOPPED,0.0000,0.0000,False
2026-05-21T20:20:53.843,589.825,,,STOPPED,0.0000,0.0000,False
2026-05-21T20:20:54.043,590.025,,,STOPPED,0.0000,0.0000,False
2026-05-21T20:20:54.243,590.225,,,STOPPED,0.0000,0.0000,False
2026-05-21T20:20:54.443,590.425,,,STOPPED,0.0000,0.0000,False
2026-05-21T20:20:54.643,590.625,,,STOPPED,0.0000,0.0000,False
2026-05-21T20:20:54.843,590.825,,,STOPPED,0.0000,0.0000,False
2026-05-21T20:20:55.043,591.025,,,STOPPED,0.0000,0.0000,False
2026-05-21T20:20:55.243,591.225,,,STOPPED,0.0000,0.0000,False
2026-05-21T20:20:55.443,591.425,,,STOPPED,0.0000,0.0000,False
2026-05-21T20:20:55.643,591.625,,,STOPPED,0.0000,0.0000,False
2026-05-21T20:20:55.843,591.825,,,STOPPED,0.0000,0.0000,False
2026-05-21T20:20:56.043,592.025,,,STOPPED,0.0000,0.0000,False
2026-05-21T20:20:56.243,592.225,,,STOPPED,0.0000,0.0000,False
2026-05-21T20:20:56.443,592.425,,,STOPPED,0.0000,0.0000,False
2026-05-21T20:20:56.643,592.625,,,STOPPED,0.0000,0.0000,False
2026-05-21T20:20:56.843,592.825,,,STOPPED,0.0000,0.0000,False
2026-05-21T20:20:57.043,593.025,,,STOPPED,0.0000,0.0000,False
2026-05-21T20:20:57.243,593.225,,,STOPPED,0.0000,0.0000,False
2026-05-21T20:20:57.443,593.425,,,STOPPED,0.0000,0.0000,False
2026-05-21T20:20:57.643,593.625,,,STOPPED,0.0000,0.0000,False
2026-05-21T20:20:57.843,593.825,,,STOPPED,0.0000,0.0000,False
2026-05-21T20:20:58.043,594.025,,,STOPPED,0.0000,0.0000,False
2026-05-21T20:20:58.243,594.225,,,STOPPED,0.0000,0.0000,False
2026-05-21T20:20:58.443,594.425,,,STOPPED,0.0000,0.0000,False
2026-05-21T20:20:58.643,594.625,,,STOPPED,0.0000,0.0000,False
2026-05-21T20:20:58.843,594.825,,,STOPPED,0.0000,0.0000,False
2026-05-21T20:20:59.043,595.025,,,STOPPED,0.0000,0.0000,False
2026-05-21T20:20:59.243,595.225,,,STOPPED,0.0000,0.0000,False
2026-05-21T20:20:59.443,595.425,,,STOPPED,0.0000,0.0000,False
2026-05-21T20:20:59.643,595.625,,,STOPPED,0.0000,0.0000,False
2026-05-21T20:20:59.843,595.825,,,STOPPED,0.0000,0.0000,False
2026-05-21T20:21:00.043,596.025,,,STOPPED,0.0000,0.0000,False
2026-05-21T20:21:00.243,596.225,,,STOPPED,0.0000,0.0000,False
2026-05-21T20:21:00.443,596.425,,,STOPPED,0.0000,0.0000,False
2026-05-21T20:21:00.643,596.625,,,STOPPED,0.0000,0.0000,False
2026-05-21T20:21:00.843,596.825,,,STOPPED,0.0000,0.0000,False
2026-05-21T20:21:01.043,597.025,,,STOPPED,0.0000,0.0000,False
2026-05-21T20:21:01.243,597.225,,,STOPPED,0.0000,0.0000,False
2026-05-21T20:21:01.443,597.425,,,STOPPED,0.0000,0.0000,False
2026-05-21T20:21:01.643,597.625,,,STOPPED,0.0000,0.0000,False
2026-05-21T20:21:01.843,597.825,,,STOPPED,0.0000,0.0000,False
2026-05-21T20:21:02.043,598.025,,,STOPPED,0.0000,0.0000,False
2026-05-21T20:21:02.243,598.225,,,STOPPED,0.0000,0.0000,False
2026-05-21T20:21:02.443,598.425,,,STOPPED,0.0000,0.0000,False
2026-05-21T20:21:02.643,598.625,,,STOPPED,0.0000,0.0000,False
2026-05-21T20:21:02.843,598.825,,,STOPPED,0.0000,0.0000,False
2026-05-21T20:21:03.043,599.025,,,STOPPED,0.0000,0.0000,False
2026-05-21T20:21:03.243,599.225,,,STOPPED,0.0000,0.0000,False
2026-05-21T20:21:03.443,599.425,,,STOPPED,0.0000,0.0000,False
2026-05-21T20:21:03.643,599.625,,,STOPPED,0.0000,0.0000,False
2026-05-21T20:21:03.843,599.825,,,STOPPED,0.0000,0.0000,False
2026-05-21T20:21:04.043,600.025,,,STOPPED,0.0000,0.0000,False
2026-05-21T20:21:04.243,600.225,,,STOPPED,0.0000,0.0000,False
2026-05-21T20:21:04.443,600.425,,,STOPPED,0.0000,0.0000,False
2026-05-21T20:21:04.643,600.625,,,STOPPED,0.0000,0.0000,False
2026-05-21T20:21:04.843,600.825,,,STOPPED,0.0000,0.0000,False
2026-05-21T20:21:05.043,601.025,,,STOPPED,0.0000,0.0000,False
2026-05-21T20:21:05.243,601.225,,,STOPPED,0.0000,0.0000,False
2026-05-21T20:21:05.443,601.425,,,STOPPED,0.0000,0.0000,False
2026-05-21T20:21:05.643,601.625,GO,"[{""timestamp"": ""2026-05-21T20:21:05"", ""content"": ""GO"", ""bbox_area"": 9001.326483590528}]",DRIVING,0.0800,0.0000,True
2026-05-21T20:21:05.843,601.825,,"[{""timestamp"": ""2026-05-21T20:21:05"", ""content"": ""GO"", ""bbox_area"": 6036.576546717202}]",DRIVING,0.0800,0.0000,False
2026-05-21T20:21:06.043,602.025,,,DRIVING,0.0800,0.0000,False
2026-05-21T20:21:06.243,602.225,,,DRIVING,0.0800,0.0000,False
2026-05-21T20:21:06.443,602.425,,"[{""timestamp"": ""2026-05-21T20:21:06"", ""content"": ""GO"", ""bbox_area"": 9940.623240509303}]",DRIVING,0.0800,0.0000,False
2026-05-21T20:21:06.643,602.625,,,DRIVING,0.0800,0.0000,False
2026-05-21T20:21:06.843,602.825,,,DRIVING,0.0800,0.0000,False
2026-05-21T20:21:07.043,603.025,,,DRIVING,0.0800,0.0000,False
2026-05-21T20:21:07.243,603.225,,,DRIVING,0.0800,0.0000,False
2026-05-21T20:21:07.443,603.425,,,DRIVING,0.0800,0.0000,False
2026-05-21T20:21:07.643,603.625,,,DRIVING,0.0800,0.0000,False
2026-05-21T20:21:07.843,603.825,,,DRIVING,0.0800,0.0000,False
2026-05-21T20:21:08.043,604.025,,,DRIVING,0.0800,0.0000,False
2026-05-21T20:21:08.243,604.225,,,DRIVING,0.0800,0.0000,False
2026-05-21T20:21:08.443,604.425,,,DRIVING,0.0800,0.0000,False
2026-05-21T20:21:08.643,604.625,,,RECOVERING,0.0800,0.0000,False
2026-05-21T20:21:08.843,604.825,,,RECOVERING,0.0800,0.0000,False
2026-05-21T20:21:09.043,605.025,,,RECOVERING,0.0800,0.0000,False
2026-05-21T20:21:09.243,605.225,,,RECOVERING,0.0800,0.0000,False
2026-05-21T20:21:09.443,605.425,,,RECOVERING,0.0800,0.0000,False
2026-05-21T20:21:09.643,605.625,,,RECOVERING,0.0800,0.0000,False
2026-05-21T20:21:09.843,605.825,,,RECOVERING,0.0800,0.0000,False
2026-05-21T20:21:10.043,606.025,,,RECOVERING,0.0800,0.0000,False
2026-05-21T20:21:10.243,606.225,,,RECOVERING,0.0800,0.0000,False
2026-05-21T20:21:10.443,606.425,,,RECOVERING,0.0800,0.0000,False
2026-05-21T20:21:10.643,606.625,,,RECOVERING,0.0800,0.0000,False
2026-05-21T20:21:10.843,606.825,,,RECOVERING,0.0800,0.0000,False
2026-05-21T20:21:11.043,607.025,,,RECOVERING,0.0800,0.0000,False
2026-05-21T20:21:11.243,607.225,,,RECOVERING,0.0800,0.0000,False
2026-05-21T20:21:11.443,607.425,,,RECOVERING,0.0800,0.0000,False
2026-05-21T20:21:11.643,607.625,,,RECOVERING,0.0800,0.0000,False
2026-05-21T20:21:11.843,607.825,,,RECOVERING,0.0800,0.0000,False
2026-05-21T20:21:12.043,608.025,,,RECOVERING,0.0800,0.0000,False
2026-05-21T20:21:12.243,608.225,,,RECOVERING,0.0800,0.0000,False
2026-05-21T20:21:12.443,608.425,,,RECOVERING,0.0800,0.0000,False
2026-05-21T20:21:12.643,608.625,,,RECOVERING,0.0800,0.0000,False
2026-05-21T20:21:12.843,608.825,,,RECOVERING,0.0800,0.0000,False
2026-05-21T20:21:13.043,609.025,,,RECOVERING,0.0800,0.0000,False
2026-05-21T20:21:13.243,609.225,,,RECOVERING,0.0800,0.0000,False
2026-05-21T20:21:13.443,609.425,,,RECOVERING,0.0800,0.0000,False
2026-05-21T20:21:13.643,609.625,,,RECOVERING,0.0800,0.0000,False
2026-05-21T20:21:13.843,609.825,,,RECOVERING,0.0800,0.0000,False
2026-05-21T20:21:14.043,610.025,,,RECOVERING,0.0800,0.0000,False
2026-05-21T20:21:14.243,610.225,,,RECOVERING,0.0800,0.0000,False
2026-05-21T20:21:14.443,610.425,,,RECOVERING,0.0800,0.0000,False
2026-05-21T20:21:14.643,610.625,,,RECOVERING,0.0800,0.0000,False
2026-05-21T20:21:14.843,610.825,,,RECOVERING,0.0800,0.0000,False
2026-05-21T20:21:15.043,611.025,,,RECOVERING,0.0800,0.0000,False
2026-05-21T20:21:15.243,611.225,,,RECOVERING,0.0800,0.0000,False
2026-05-21T20:21:15.443,611.425,,,RECOVERING,0.0800,0.0000,False
2026-05-21T20:21:15.643,611.625,,,RECOVERING,0.0800,0.0000,False
2026-05-21T20:21:15.843,611.825,,,RECOVERING,0.0800,0.0000,False
2026-05-21T20:21:16.043,612.025,,,RECOVERING,0.0800,0.0000,False
2026-05-21T20:21:16.243,612.225,,,RECOVERING,0.0800,0.0000,False
2026-05-21T20:21:16.443,612.425,,,RECOVERING,0.0800,0.0000,False
2026-05-21T20:21:16.643,612.625,,,RECOVERING,0.0800,0.0000,False
2026-05-21T20:21:16.843,612.825,,,RECOVERING,0.0800,0.0000,False
2026-05-21T20:21:17.043,613.025,,,RECOVERING,0.0800,0.0000,False
2026-05-21T20:21:17.243,613.225,,,RECOVERING,0.0800,0.0000,False
2026-05-21T20:21:17.443,613.425,,,RECOVERING,0.0800,0.0000,False
2026-05-21T20:21:17.643,613.625,STOP,"[{""timestamp"": ""2026-05-21T20:21:17"", ""content"": ""STOP"", ""bbox_area"": 10740.424137553899}]",STOPPED,0.0000,0.0000,True
2026-05-21T20:21:17.843,613.825,,,STOPPED,0.0000,0.0000,False
2026-05-21T20:21:18.043,614.025,,"[{""timestamp"": ""2026-05-21T20:21:17"", ""content"": ""STOP"", ""bbox_area"": 10514.7585880626}]",STOPPED,0.0000,0.0000,False
2026-05-21T20:21:18.243,614.225,,,STOPPED,0.0000,0.0000,False
2026-05-21T20:21:18.443,614.425,,,STOPPED,0.0000,0.0000,False
2026-05-21T20:21:18.643,614.625,STOP,"[{""timestamp"": ""2026-05-21T20:21:18"", ""content"": ""STOP"", ""bbox_area"": 7183.873163581593}]",STOPPED,0.0000,0.0000,True
2026-05-21T20:21:18.843,614.825,,,STOPPED,0.0000,0.0000,False
2026-05-21T20:21:19.043,615.025,,,STOPPED,0.0000,0.0000,False
2026-05-21T20:21:19.243,615.225,,,STOPPED,0.0000,0.0000,False
2026-05-21T20:21:19.443,615.425,,,STOPPED,0.0000,0.0000,False
2026-05-21T20:21:19.643,615.625,,,STOPPED,0.0000,0.0000,False
2026-05-21T20:21:19.843,615.825,,,STOPPED,0.0000,0.0000,False
2026-05-21T20:21:20.043,616.025,,,STOPPED,0.0000,0.0000,False
2026-05-21T20:21:20.243,616.225,,,STOPPED,0.0000,0.0000,False
2026-05-21T20:21:20.443,616.425,,,STOPPED,0.0000,0.0000,False
2026-05-21T20:21:20.643,616.625,,,STOPPED,0.0000,0.0000,False
2026-05-21T20:21:20.843,616.825,,,STOPPED,0.0000,0.0000,False
2026-05-21T20:21:21.043,617.025,,,STOPPED,0.0000,0.0000,False
2026-05-21T20:21:21.243,617.225,,,STOPPED,0.0000,0.0000,False
2026-05-21T20:21:21.443,617.425,,,STOPPED,0.0000,0.0000,False
2026-05-21T20:21:21.643,617.625,,,STOPPED,0.0000,0.0000,False
2026-05-21T20:21:21.843,617.825,,,STOPPED,0.0000,0.0000,False
2026-05-21T20:21:22.043,618.025,,,STOPPED,0.0000,0.0000,False
2026-05-21T20:21:22.243,618.225,,,STOPPED,0.0000,0.0000,False
2026-05-21T20:21:22.443,618.425,,,STOPPED,0.0000,0.0000,False
2026-05-21T20:21:22.643,618.625,,,STOPPED,0.0000,0.0000,False
2026-05-21T20:21:22.843,618.825,,,STOPPED,0.0000,0.0000,False
2026-05-21T20:21:23.043,619.025,,,STOPPED,0.0000,0.0000,False
2026-05-21T20:21:23.243,619.225,,,STOPPED,0.0000,0.0000,False
2026-05-21T20:21:23.443,619.425,,,STOPPED,0.0000,0.0000,False
2026-05-21T20:21:23.643,619.625,,,STOPPED,0.0000,0.0000,False
2026-05-21T20:21:23.843,619.825,,,STOPPED,0.0000,0.0000,False
2026-05-21T20:21:24.043,620.025,,,STOPPED,0.0000,0.0000,False
2026-05-21T20:21:24.243,620.225,,,STOPPED,0.0000,0.0000,False
2026-05-21T20:21:24.443,620.425,,,STOPPED,0.0000,0.0000,False
2026-05-21T20:21:24.644,620.626,GO,"[{""timestamp"": ""2026-05-21T20:21:24"", ""content"": ""GO"", ""bbox_area"": 8005.987239552662}]",STOPPED,0.0000,0.0000,True
2026-05-21T20:21:24.843,620.825,,,DRIVING,0.0800,0.0000,False
2026-05-21T20:21:25.043,621.025,,,DRIVING,0.0800,0.0000,False
2026-05-21T20:21:25.243,621.225,,,DRIVING,0.0800,0.0000,False
2026-05-21T20:21:25.443,621.425,,,DRIVING,0.0800,0.0000,False
2026-05-21T20:21:25.643,621.625,,,DRIVING,0.0800,0.0000,False
2026-05-21T20:21:25.843,621.825,,,DRIVING,0.0800,0.0000,False
2026-05-21T20:21:26.043,622.025,,,DRIVING,0.0800,0.0000,False
2026-05-21T20:21:26.243,622.225,,,DRIVING,0.0800,0.0000,False
2026-05-21T20:21:26.443,622.425,,,DRIVING,0.0800,0.0000,False
2026-05-21T20:21:26.643,622.625,,,DRIVING,0.0800,0.0000,False
2026-05-21T20:21:26.844,622.826,,,DRIVING,0.0800,0.0000,False
2026-05-21T20:21:27.043,623.025,,,DRIVING,0.0800,0.0000,False
2026-05-21T20:21:27.243,623.225,,,DRIVING,0.0800,0.0000,False
2026-05-21T20:21:27.443,623.425,,,DRIVING,0.0800,0.0000,False
2026-05-21T20:21:27.643,623.625,,,DRIVING,0.0800,0.0000,False
2026-05-21T20:21:27.843,623.825,,,RECOVERING,0.0800,0.0000,False
2026-05-21T20:21:28.043,624.025,,,RECOVERING,0.0800,0.0000,False
2026-05-21T20:21:28.243,624.225,,,RECOVERING,0.0800,0.0000,False
2026-05-21T20:21:28.443,624.425,,,RECOVERING,0.0800,0.0000,False
2026-05-21T20:21:28.643,624.625,,,RECOVERING,0.0800,0.0000,False
2026-05-21T20:21:28.843,624.825,,,RECOVERING,0.0800,0.0000,False
2026-05-21T20:21:29.043,625.025,,,RECOVERING,0.0800,0.0000,False
2026-05-21T20:21:29.243,625.225,,,RECOVERING,0.0800,0.0000,False
2026-05-21T20:21:29.443,625.425,,,RECOVERING,0.0800,0.0000,False
2026-05-21T20:21:29.643,625.625,,,RECOVERING,0.0800,0.0000,False
2026-05-21T20:21:29.843,625.825,,,RECOVERING,0.0800,0.0000,False
2026-05-21T20:21:30.043,626.025,,,RECOVERING,0.0800,0.0000,False
2026-05-21T20:21:30.243,626.225,,,RECOVERING,0.0800,0.0000,False
2026-05-21T20:21:30.443,626.425,TURN_LEFT,"[{""timestamp"": ""2026-05-21T20:21:30"", ""content"": ""TURN_LEFT"", ""bbox_area"": 13072.225056505296}]",TURNING,0.0000,0.4000,True
2026-05-21T20:21:30.643,626.625,,,TURNING,0.0000,0.4000,False
2026-05-21T20:21:30.843,626.825,,"[{""timestamp"": ""2026-05-21T20:21:30"", ""content"": ""TURN_LEFT"", ""bbox_area"": 13114.88414037507}]",TURNING,0.0000,0.4000,False
2026-05-21T20:21:31.043,627.025,,,TURNING,0.0000,0.4000,False
2026-05-21T20:21:31.243,627.225,,,TURNING,0.0000,0.4000,False
2026-05-21T20:21:31.443,627.425,,,TURNING,0.0000,0.4000,False
2026-05-21T20:21:31.643,627.625,,,TURNING,0.0000,0.4000,False
2026-05-21T20:21:31.843,627.825,,,TURNING,0.0000,0.4000,False
2026-05-21T20:21:32.043,628.025,,,TURNING,0.0000,0.4000,False
2026-05-21T20:21:32.243,628.225,,,TURNING,0.0000,0.4000,False
2026-05-21T20:21:32.443,628.425,,,TURNING,0.0000,0.4000,False
2026-05-21T20:21:32.643,628.625,,,TURNING,0.0000,0.4000,False
2026-05-21T20:21:32.843,628.825,,,TURNING,0.0000,0.4000,False
2026-05-21T20:21:33.043,629.025,,,TURNING,0.0000,0.4000,False
2026-05-21T20:21:33.243,629.225,,,TURNING,0.0000,0.4000,False
2026-05-21T20:21:33.443,629.425,,,TURNING,0.0000,0.4000,False
2026-05-21T20:21:33.643,629.625,,,TURNING,0.0000,0.4000,False
2026-05-21T20:21:33.843,629.825,,,TURNING,0.0000,0.4000,False
2026-05-21T20:21:34.043,630.025,,,TURNING,0.0000,0.4000,False
2026-05-21T20:21:34.243,630.225,,,TURNING,0.0000,0.4000,False
2026-05-21T20:21:34.443,630.425,,,RECOVERING,0.0800,0.0000,False
2026-05-21T20:21:34.643,630.625,,,RECOVERING,0.0800,0.0000,False
2026-05-21T20:21:34.843,630.825,,,RECOVERING,0.0800,0.0000,False
2026-05-21T20:21:35.043,631.025,,,RECOVERING,0.0800,0.0000,False
2026-05-21T20:21:35.243,631.225,,,RECOVERING,0.0800,0.0000,False
2026-05-21T20:21:35.443,631.425,,,RECOVERING,0.0800,0.0000,False
2026-05-21T20:21:35.643,631.625,,,RECOVERING,0.0800,0.0000,False
2026-05-21T20:21:35.843,631.825,,,RECOVERING,0.0800,0.0000,False
2026-05-21T20:21:36.043,632.025,,,RECOVERING,0.0800,0.0000,False
2026-05-21T20:21:36.243,632.225,,,RECOVERING,0.0800,0.0000,False
2026-05-21T20:21:36.443,632.425,,,RECOVERING,0.0800,0.0000,False
2026-05-21T20:21:36.643,632.625,,,RECOVERING,0.0800,0.0000,False
2026-05-21T20:21:36.843,632.825,TURN_RIGHT,"[{""timestamp"": ""2026-05-21T20:21:36"", ""content"": ""TURN_RIGHT"", ""bbox_area"": 16120.307830810547}]",TURNING,0.0800,0.0000,True
2026-05-21T20:21:37.043,633.025,,,TURNING,0.0000,-0.4000,False
2026-05-21T20:21:37.243,633.225,,,TURNING,0.0000,-0.4000,False
2026-05-21T20:21:37.443,633.425,,,TURNING,0.0000,-0.4000,False
2026-05-21T20:21:37.643,633.625,,,TURNING,0.0000,-0.4000,False
2026-05-21T20:21:37.843,633.825,,,TURNING,0.0000,-0.4000,False
2026-05-21T20:21:38.043,634.025,,,TURNING,0.0000,-0.4000,False
2026-05-21T20:21:38.243,634.225,,,TURNING,0.0000,-0.4000,False
2026-05-21T20:21:38.443,634.425,,,TURNING,0.0000,-0.4000,False
2026-05-21T20:21:38.643,634.625,,,TURNING,0.0000,-0.4000,False
2026-05-21T20:21:38.843,634.825,,,TURNING,0.0000,-0.4000,False
2026-05-21T20:21:39.043,635.025,,,TURNING,0.0000,-0.4000,False
2026-05-21T20:21:39.243,635.225,,,TURNING,0.0000,-0.4000,False
2026-05-21T20:21:39.443,635.425,,,TURNING,0.0000,-0.4000,False
2026-05-21T20:21:39.643,635.625,,,TURNING,0.0000,-0.4000,False
2026-05-21T20:21:39.843,635.825,,,TURNING,0.0000,-0.4000,False
2026-05-21T20:21:40.043,636.025,,,TURNING,0.0000,-0.4000,False
2026-05-21T20:21:40.243,636.225,,,TURNING,0.0000,-0.4000,False
2026-05-21T20:21:40.443,636.425,,,TURNING,0.0000,-0.4000,False
2026-05-21T20:21:40.643,636.625,,,TURNING,0.0000,-0.4000,False
2026-05-21T20:21:40.843,636.825,,,TURNING,0.0000,-0.4000,False
2026-05-21T20:21:41.043,637.025,,,RECOVERING,0.0800,0.0000,False
2026-05-21T20:21:41.243,637.225,,,RECOVERING,0.0800,0.0000,False
2026-05-21T20:21:41.443,637.425,,,RECOVERING,0.0800,0.0000,False
2026-05-21T20:21:41.643,637.625,,,RECOVERING,0.0800,0.0000,False
2026-05-21T20:21:41.843,637.825,,,RECOVERING,0.0800,0.0000,False
2026-05-21T20:21:42.043,638.025,,,RECOVERING,0.0800,0.0000,False
2026-05-21T20:21:42.243,638.225,,,RECOVERING,0.0800,0.0000,False
2026-05-21T20:21:42.443,638.425,,,RECOVERING,0.0800,0.0000,False
2026-05-21T20:21:42.643,638.625,,,RECOVERING,0.0800,0.0000,False
2026-05-21T20:21:42.843,638.825,,,RECOVERING,0.0800,0.0000,False
2026-05-21T20:21:43.043,639.025,,,RECOVERING,0.0800,0.0000,False
2026-05-21T20:21:43.243,639.225,,,RECOVERING,0.0800,0.0000,False
2026-05-21T20:21:43.443,639.425,,,RECOVERING,0.0800,0.0000,False
2026-05-21T20:21:43.643,639.625,,,RECOVERING,0.0800,0.0000,False
2026-05-21T20:21:43.843,639.825,,,RECOVERING,0.0800,0.0000,False
2026-05-21T20:21:44.043,640.025,,,RECOVERING,0.0800,0.0000,False
2026-05-21T20:21:44.243,640.225,,,RECOVERING,0.0800,0.0000,False
2026-05-21T20:21:44.443,640.425,,,RECOVERING,0.0800,0.0000,False
2026-05-21T20:21:44.643,640.625,,,RECOVERING,0.0800,0.0000,False
2026-05-21T20:21:44.843,640.825,,,RECOVERING,0.0800,0.0000,False
2026-05-21T20:21:45.043,641.025,,,RECOVERING,0.0800,0.0000,False
2026-05-21T20:21:45.243,641.225,,,RECOVERING,0.0800,0.0000,False
2026-05-21T20:21:45.443,641.425,,,RECOVERING,0.0800,0.0000,False
2026-05-21T20:21:45.643,641.625,,,RECOVERING,0.0800,0.0000,False
2026-05-21T20:21:45.843,641.825,,,RECOVERING,0.0800,0.0000,False
2026-05-21T20:21:46.043,642.025,,,RECOVERING,0.0800,0.0000,False
2026-05-21T20:21:46.243,642.225,U_TURN,"[{""timestamp"": ""2026-05-21T20:21:46"", ""content"": ""U_TURN"", ""bbox_area"": 15420.752168700332}]",TURNING,0.0000,0.4000,True
2026-05-21T20:21:46.443,642.425,,,TURNING,0.0000,0.4000,False
2026-05-21T20:21:46.643,642.625,,"[{""timestamp"": ""2026-05-21T20:21:46"", ""content"": ""U_TURN"", ""bbox_area"": 14839.330049614422}]",TURNING,0.0000,0.4000,False
2026-05-21T20:21:46.843,642.825,,,TURNING,0.0000,0.4000,False
2026-05-21T20:21:47.043,643.025,,,TURNING,0.0000,0.4000,False
2026-05-21T20:21:47.243,643.225,,,TURNING,0.0000,0.4000,False
2026-05-21T20:21:47.443,643.425,,,TURNING,0.0000,0.4000,False
2026-05-21T20:21:47.643,643.625,,,TURNING,0.0000,0.4000,False
2026-05-21T20:21:47.843,643.825,,,TURNING,0.0000,0.4000,False
2026-05-21T20:21:48.043,644.025,,,TURNING,0.0000,0.4000,False
2026-05-21T20:21:48.243,644.225,,,TURNING,0.0000,0.4000,False
2026-05-21T20:21:48.443,644.425,,,TURNING,0.0000,0.4000,False
2026-05-21T20:21:48.643,644.625,,,TURNING,0.0000,0.4000,False
2026-05-21T20:21:48.843,644.825,,,TURNING,0.0000,0.4000,False
2026-05-21T20:21:49.043,645.025,,,TURNING,0.0000,0.4000,False
2026-05-21T20:21:49.243,645.225,,,TURNING,0.0000,0.4000,False
2026-05-21T20:21:49.443,645.425,,,TURNING,0.0000,0.4000,False
2026-05-21T20:21:49.643,645.625,,,TURNING,0.0000,0.4000,False
2026-05-21T20:21:49.843,645.825,,,TURNING,0.0000,0.4000,False
2026-05-21T20:21:50.043,646.025,,,TURNING,0.0000,0.4000,False
2026-05-21T20:21:50.243,646.225,,,TURNING,0.0000,0.4000,False
2026-05-21T20:21:50.443,646.425,,,TURNING,0.0000,0.4000,False
2026-05-21T20:21:50.643,646.625,,,TURNING,0.0000,0.4000,False
2026-05-21T20:21:50.843,646.825,,,TURNING,0.0000,0.4000,False
2026-05-21T20:21:51.043,647.025,,,TURNING,0.0000,0.4000,False
2026-05-21T20:21:51.243,647.225,,,TURNING,0.0000,0.4000,False
2026-05-21T20:21:51.443,647.425,,,TURNING,0.0000,0.4000,False
2026-05-21T20:21:51.643,647.625,,,TURNING,0.0000,0.4000,False
2026-05-21T20:21:51.843,647.825,,,TURNING,0.0000,0.4000,False
2026-05-21T20:21:52.043,648.025,,,TURNING,0.0000,0.4000,False
2026-05-21T20:21:52.243,648.225,,,TURNING,0.0000,0.4000,False
2026-05-21T20:21:52.443,648.425,,,TURNING,0.0000,0.4000,False
2026-05-21T20:21:52.643,648.625,,,TURNING,0.0000,0.4000,False
2026-05-21T20:21:52.843,648.825,,,TURNING,0.0000,0.4000,False
2026-05-21T20:21:53.043,649.025,,,TURNING,0.0000,0.4000,False
2026-05-21T20:21:53.243,649.225,,,TURNING,0.0000,0.4000,False
2026-05-21T20:21:53.443,649.425,,,TURNING,0.0000,0.4000,False
2026-05-21T20:21:53.643,649.625,,,TURNING,0.0000,0.4000,False
2026-05-21T20:21:53.843,649.825,,,TURNING,0.0000,0.4000,False
2026-05-21T20:21:54.043,650.025,,,TURNING,0.0000,0.4000,False
2026-05-21T20:21:54.243,650.225,,,RECOVERING,0.0800,0.0000,False
2026-05-21T20:21:54.443,650.425,,,RECOVERING,0.0800,0.0000,False
2026-05-21T20:21:54.643,650.625,,,RECOVERING,0.0800,0.0000,False
2026-05-21T20:21:54.843,650.825,,,RECOVERING,0.0800,0.0000,False
2026-05-21T20:21:55.043,651.025,,,RECOVERING,0.0800,0.0000,False
2026-05-21T20:21:55.243,651.225,,,RECOVERING,0.0800,0.0000,False
2026-05-21T20:21:55.443,651.425,,,RECOVERING,0.0800,0.0000,False
2026-05-21T20:21:55.643,651.625,,,RECOVERING,0.0800,0.0000,False
2026-05-21T20:21:55.843,651.825,,,RECOVERING,0.0800,0.0000,False
2026-05-21T20:21:56.043,652.025,,,RECOVERING,0.0800,0.0000,False
2026-05-21T20:21:56.243,652.225,,,RECOVERING,0.0800,0.0000,False
2026-05-21T20:21:56.443,652.425,,,RECOVERING,0.0800,0.0000,False
2026-05-21T20:21:56.643,652.625,,,RECOVERING,0.0800,0.0000,False
2026-05-21T20:21:56.843,652.825,,,RECOVERING,0.0800,0.0000,False
2026-05-21T20:21:57.043,653.025,SPEED_UP,"[{""timestamp"": ""2026-05-21T20:21:56"", ""content"": ""SPEED_UP"", ""bbox_area"": 8800.632449177094}]",DRIVING,0.1300,0.0000,True
2026-05-21T20:21:57.243,653.225,,"[{""timestamp"": ""2026-05-21T20:21:57"", ""content"": ""SPEED_UP"", ""bbox_area"": 16005.994616650045}]",DRIVING,0.1300,0.0000,False
2026-05-21T20:21:57.443,653.425,,,DRIVING,0.1300,0.0000,False
2026-05-21T20:21:57.643,653.625,,,DRIVING,0.1300,0.0000,False
2026-05-21T20:21:57.843,653.825,,,DRIVING,0.1300,0.0000,False
2026-05-21T20:21:58.043,654.025,,,DRIVING,0.1300,0.0000,False
2026-05-21T20:21:58.243,654.225,,,DRIVING,0.1300,0.0000,False
2026-05-21T20:21:58.443,654.425,,,DRIVING,0.1300,0.0000,False
2026-05-21T20:21:58.643,654.625,,,DRIVING,0.1300,0.0000,False
2026-05-21T20:21:58.843,654.825,,,DRIVING,0.1300,0.0000,False
2026-05-21T20:21:59.043,655.025,,,DRIVING,0.1300,0.0000,False
2026-05-21T20:21:59.243,655.225,,,DRIVING,0.1300,0.0000,False
2026-05-21T20:21:59.443,655.425,,,DRIVING,0.1300,0.0000,False
2026-05-21T20:21:59.643,655.625,,,DRIVING,0.1300,0.0000,False
2026-05-21T20:21:59.843,655.825,,,DRIVING,0.1300,0.0000,False
2026-05-21T20:22:00.043,656.025,,,RECOVERING,0.1300,0.0000,False
2026-05-21T20:22:00.243,656.225,,,RECOVERING,0.1300,0.0000,False
2026-05-21T20:22:00.443,656.425,,,RECOVERING,0.1300,0.0000,False
2026-05-21T20:22:00.643,656.625,,,RECOVERING,0.1300,0.0000,False
2026-05-21T20:22:00.843,656.825,,,RECOVERING,0.1300,0.0000,False
2026-05-21T20:22:01.043,657.025,,,RECOVERING,0.1300,0.0000,False
2026-05-21T20:22:01.243,657.225,,,RECOVERING,0.1300,0.0000,False
2026-05-21T20:22:01.443,657.425,,,RECOVERING,0.1300,0.0000,False
2026-05-21T20:22:01.643,657.625,,,RECOVERING,0.1300,0.0000,False
2026-05-21T20:22:01.843,657.825,,,RECOVERING,0.1300,0.0000,False
2026-05-21T20:22:02.043,658.025,,,RECOVERING,0.1300,0.0000,False
2026-05-21T20:22:02.243,658.225,,,RECOVERING,0.1300,0.0000,False
2026-05-21T20:22:02.443,658.425,,,RECOVERING,0.1300,0.0000,False
2026-05-21T20:22:02.643,658.625,,,RECOVERING,0.1300,0.0000,False
2026-05-21T20:22:02.843,658.825,,,RECOVERING,0.1300,0.0000,False
2026-05-21T20:22:03.043,659.025,,,RECOVERING,0.1300,0.0000,False
2026-05-21T20:22:03.243,659.225,,,RECOVERING,0.1300,0.0000,False
2026-05-21T20:22:03.443,659.425,,,RECOVERING,0.1300,0.0000,False
2026-05-21T20:22:03.643,659.625,,,RECOVERING,0.1300,0.0000,False
2026-05-21T20:22:03.843,659.825,,,RECOVERING,0.1300,0.0000,False
2026-05-21T20:22:04.043,660.025,SPEED_DOWN,"[{""timestamp"": ""2026-05-21T20:22:03"", ""content"": ""SPEED_DOWN"", ""bbox_area"": 15161.150173376082}]",DRIVING,0.1300,0.0000,True
2026-05-21T20:22:04.243,660.225,,,DRIVING,0.0800,0.0000,False
2026-05-21T20:22:04.443,660.425,,,DRIVING,0.0800,0.0000,False
2026-05-21T20:22:04.643,660.625,,,DRIVING,0.0800,0.0000,False
2026-05-21T20:22:04.843,660.825,,,DRIVING,0.0800,0.0000,False
2026-05-21T20:22:05.043,661.025,,,DRIVING,0.0800,0.0000,False
2026-05-21T20:22:05.243,661.225,,,DRIVING,0.0800,0.0000,False
2026-05-21T20:22:05.443,661.425,,,DRIVING,0.0800,0.0000,False
2026-05-21T20:22:05.643,661.625,,,DRIVING,0.0800,0.0000,False
2026-05-21T20:22:05.843,661.825,,,DRIVING,0.0800,0.0000,False
2026-05-21T20:22:06.043,662.025,,,DRIVING,0.0800,0.0000,False
2026-05-21T20:22:06.243,662.225,,,DRIVING,0.0800,0.0000,False
2026-05-21T20:22:06.443,662.425,,,DRIVING,0.0800,0.0000,False
2026-05-21T20:22:06.643,662.625,,,DRIVING,0.0800,0.0000,False
2026-05-21T20:22:06.843,662.825,,,DRIVING,0.0800,0.0000,False
2026-05-21T20:22:07.043,663.025,,,DRIVING,0.0800,0.0000,False
2026-05-21T20:22:07.243,663.225,,,RECOVERING,0.0800,0.0000,False
2026-05-21T20:22:07.443,663.425,,,RECOVERING,0.0800,0.0000,False
2026-05-21T20:22:07.643,663.625,,,RECOVERING,0.0800,0.0000,False
2026-05-21T20:22:07.843,663.825,,,RECOVERING,0.0800,0.0000,False
2026-05-21T20:22:08.043,664.025,,,RECOVERING,0.0800,0.0000,False
2026-05-21T20:22:08.243,664.225,,,RECOVERING,0.0800,0.0000,False
2026-05-21T20:22:08.443,664.425,,,RECOVERING,0.0800,0.0000,False
2026-05-21T20:22:08.643,664.625,,,RECOVERING,0.0800,0.0000,False
2026-05-21T20:22:08.843,664.825,STOP,"[{""timestamp"": ""2026-05-21T20:22:08"", ""content"": ""STOP"", ""bbox_area"": 10792.866101881955}]",STOPPED,0.0000,0.0000,True
2026-05-21T20:22:09.043,665.025,,,STOPPED,0.0000,0.0000,False
2026-05-21T20:22:09.243,665.225,,"[{""timestamp"": ""2026-05-21T20:22:09"", ""content"": ""STOP"", ""bbox_area"": 12361.869684876874}]",STOPPED,0.0000,0.0000,False
2026-05-21T20:22:09.443,665.425,,,STOPPED,0.0000,0.0000,False
2026-05-21T20:22:09.643,665.625,,"[{""timestamp"": ""2026-05-21T20:22:09"", ""content"": ""STOP"", ""bbox_area"": 11871.215949480888}]",STOPPED,0.0000,0.0000,False
2026-05-21T20:22:09.843,665.825,,,STOPPED,0.0000,0.0000,False
2026-05-21T20:22:10.043,666.025,,,STOPPED,0.0000,0.0000,False
2026-05-21T20:22:10.243,666.225,,,STOPPED,0.0000,0.0000,False
2026-05-21T20:22:10.443,666.425,,,STOPPED,0.0000,0.0000,False
2026-05-21T20:22:10.644,666.626,,,STOPPED,0.0000,0.0000,False
2026-05-21T20:22:10.843,666.825,,,STOPPED,0.0000,0.0000,False
2026-05-21T20:22:11.043,667.025,,,STOPPED,0.0000,0.0000,False
2026-05-21T20:22:11.243,667.225,,,STOPPED,0.0000,0.0000,False
2026-05-21T20:22:11.443,667.425,,,STOPPED,0.0000,0.0000,False
2026-05-21T20:22:11.643,667.625,,,STOPPED,0.0000,0.0000,False
2026-05-21T20:22:11.843,667.825,,,STOPPED,0.0000,0.0000,False
2026-05-21T20:22:12.043,668.025,,,STOPPED,0.0000,0.0000,False
2026-05-21T20:22:12.243,668.225,,,STOPPED,0.0000,0.0000,False
2026-05-21T20:22:12.443,668.425,,,STOPPED,0.0000,0.0000,False
2026-05-21T20:22:12.643,668.625,,,STOPPED,0.0000,0.0000,False
2026-05-21T20:22:12.843,668.825,,,STOPPED,0.0000,0.0000,False
2026-05-21T20:22:13.043,669.025,,,STOPPED,0.0000,0.0000,False
2026-05-21T20:22:13.243,669.225,,,STOPPED,0.0000,0.0000,False
2026-05-21T20:22:13.443,669.425,,,STOPPED,0.0000,0.0000,False
2026-05-21T20:22:13.643,669.625,,,STOPPED,0.0000,0.0000,False
2026-05-21T20:22:13.843,669.825,,,STOPPED,0.0000,0.0000,False
2026-05-21T20:22:14.043,670.025,,,STOPPED,0.0000,0.0000,False
2026-05-21T20:22:14.243,670.225,,,STOPPED,0.0000,0.0000,False
2026-05-21T20:22:14.443,670.425,,,STOPPED,0.0000,0.0000,False
2026-05-21T20:22:14.643,670.625,,,STOPPED,0.0000,0.0000,False
2026-05-21T20:22:14.843,670.825,,,STOPPED,0.0000,0.0000,False
2026-05-21T20:22:15.043,671.025,,,STOPPED,0.0000,0.0000,False
2026-05-21T20:22:15.244,671.226,,,STOPPED,0.0000,0.0000,False
2026-05-21T20:22:15.443,671.425,,,STOPPED,0.0000,0.0000,False
2026-05-21T20:22:15.643,671.625,,,STOPPED,0.0000,0.0000,False
2026-05-21T20:22:15.843,671.825,,,STOPPED,0.0000,0.0000,False
2026-05-21T20:22:16.043,672.025,,,STOPPED,0.0000,0.0000,False
2026-05-21T20:22:16.243,672.225,,,STOPPED,0.0000,0.0000,False
2026-05-21T20:22:16.443,672.425,,,STOPPED,0.0000,0.0000,False
2026-05-21T20:22:16.643,672.625,,,STOPPED,0.0000,0.0000,False
2026-05-21T20:22:16.843,672.825,,,STOPPED,0.0000,0.0000,False
2026-05-21T20:22:17.044,673.026,,,STOPPED,0.0000,0.0000,False
2026-05-21T20:22:17.243,673.225,,,STOPPED,0.0000,0.0000,False
2026-05-21T20:22:17.443,673.425,,,STOPPED,0.0000,0.0000,False
2026-05-21T20:22:17.643,673.625,,,STOPPED,0.0000,0.0000,False
2026-05-21T20:22:17.843,673.825,,,STOPPED,0.0000,0.0000,False
2026-05-21T20:22:18.043,674.025,,,STOPPED,0.0000,0.0000,False
2026-05-21T20:22:18.243,674.225,,,STOPPED,0.0000,0.0000,False
2026-05-21T20:22:18.443,674.425,,,STOPPED,0.0000,0.0000,False
2026-05-21T20:22:18.645,674.627,,,STOPPED,0.0000,0.0000,False
2026-05-21T20:22:18.843,674.825,,,STOPPED,0.0000,0.0000,False
2026-05-21T20:22:19.043,675.025,,,STOPPED,0.0000,0.0000,False
2026-05-21T20:22:19.243,675.225,,,STOPPED,0.0000,0.0000,False
2026-05-21T20:22:19.443,675.425,,,STOPPED,0.0000,0.0000,False
2026-05-21T20:22:19.643,675.625,,,STOPPED,0.0000,0.0000,False
2026-05-21T20:22:19.843,675.825,,,STOPPED,0.0000,0.0000,False
2026-05-21T20:22:20.043,676.025,,,STOPPED,0.0000,0.0000,False
2026-05-21T20:22:20.243,676.225,,,STOPPED,0.0000,0.0000,False
2026-05-21T20:22:20.443,676.425,,,STOPPED,0.0000,0.0000,False
2026-05-21T20:22:20.643,676.625,,,STOPPED,0.0000,0.0000,False
2026-05-21T20:22:20.843,676.825,,,STOPPED,0.0000,0.0000,False
2026-05-21T20:22:21.043,677.025,,,STOPPED,0.0000,0.0000,False
2026-05-21T20:22:21.243,677.225,,,STOPPED,0.0000,0.0000,False
2026-05-21T20:22:21.443,677.425,,,STOPPED,0.0000,0.0000,False
2026-05-21T20:22:21.643,677.625,,,STOPPED,0.0000,0.0000,False
2026-05-21T20:22:21.843,677.825,,,STOPPED,0.0000,0.0000,False
2026-05-21T20:22:22.043,678.025,,,STOPPED,0.0000,0.0000,False
2026-05-21T20:22:22.243,678.225,,,STOPPED,0.0000,0.0000,False
2026-05-21T20:22:22.443,678.425,,,STOPPED,0.0000,0.0000,False
2026-05-21T20:22:22.643,678.625,,,STOPPED,0.0000,0.0000,False
2026-05-21T20:22:22.843,678.825,,,STOPPED,0.0000,0.0000,False
2026-05-21T20:22:23.043,679.025,,,STOPPED,0.0000,0.0000,False
2026-05-21T20:22:23.243,679.225,,,STOPPED,0.0000,0.0000,False
2026-05-21T20:22:23.443,679.425,,,STOPPED,0.0000,0.0000,False
2026-05-21T20:22:23.643,679.625,,,STOPPED,0.0000,0.0000,False
2026-05-21T20:22:23.843,679.825,,,STOPPED,0.0000,0.0000,False
2026-05-21T20:22:24.043,680.025,,,STOPPED,0.0000,0.0000,False
2026-05-21T20:22:24.243,680.225,,,STOPPED,0.0000,0.0000,False
2026-05-21T20:22:24.443,680.425,,,STOPPED,0.0000,0.0000,False
2026-05-21T20:22:24.643,680.625,,,STOPPED,0.0000,0.0000,False
2026-05-21T20:22:24.843,680.825,,,STOPPED,0.0000,0.0000,False
2026-05-21T20:22:25.043,681.025,,,STOPPED,0.0000,0.0000,False
2026-05-21T20:22:25.243,681.225,,,STOPPED,0.0000,0.0000,False
2026-05-21T20:22:25.443,681.425,,,STOPPED,0.0000,0.0000,False
2026-05-21T20:22:25.643,681.625,,,STOPPED,0.0000,0.0000,False
2026-05-21T20:22:25.843,681.825,,,STOPPED,0.0000,0.0000,False
2026-05-21T20:22:26.043,682.025,,,STOPPED,0.0000,0.0000,False
2026-05-21T20:22:26.243,682.225,,,STOPPED,0.0000,0.0000,False
2026-05-21T20:22:26.443,682.425,,,STOPPED,0.0000,0.0000,False
2026-05-21T20:22:26.643,682.625,,,STOPPED,0.0000,0.0000,False
2026-05-21T20:22:26.843,682.825,,,STOPPED,0.0000,0.0000,False
2026-05-21T20:22:27.043,683.025,,,STOPPED,0.0000,0.0000,False
2026-05-21T20:22:27.243,683.225,,,STOPPED,0.0000,0.0000,False
2026-05-21T20:22:27.443,683.425,,,STOPPED,0.0000,0.0000,False
2026-05-21T20:22:27.643,683.625,,,STOPPED,0.0000,0.0000,False
2026-05-21T20:22:27.843,683.825,,,STOPPED,0.0000,0.0000,False
2026-05-21T20:22:28.043,684.025,,,STOPPED,0.0000,0.0000,False
2026-05-21T20:22:28.243,684.225,,,STOPPED,0.0000,0.0000,False
2026-05-21T20:22:28.443,684.425,,,STOPPED,0.0000,0.0000,False
2026-05-21T20:22:28.643,684.625,,,STOPPED,0.0000,0.0000,False
2026-05-21T20:22:28.843,684.825,,,STOPPED,0.0000,0.0000,False
2026-05-21T20:22:29.043,685.025,,,STOPPED,0.0000,0.0000,False
2026-05-21T20:22:29.243,685.225,,,STOPPED,0.0000,0.0000,False
2026-05-21T20:22:29.443,685.425,,,STOPPED,0.0000,0.0000,False
2026-05-21T20:22:29.643,685.625,,,STOPPED,0.0000,0.0000,False
2026-05-21T20:22:29.843,685.825,,,STOPPED,0.0000,0.0000,False
2026-05-21T20:22:30.043,686.025,,,STOPPED,0.0000,0.0000,False
2026-05-21T20:22:30.243,686.225,,,STOPPED,0.0000,0.0000,False
2026-05-21T20:22:30.443,686.425,,,STOPPED,0.0000,0.0000,False
2026-05-21T20:22:30.643,686.625,,,STOPPED,0.0000,0.0000,False
2026-05-21T20:22:30.843,686.825,,,STOPPED,0.0000,0.0000,False
2026-05-21T20:22:31.043,687.025,,,STOPPED,0.0000,0.0000,False
2026-05-21T20:22:31.243,687.225,,,STOPPED,0.0000,0.0000,False
2026-05-21T20:22:31.443,687.425,,,STOPPED,0.0000,0.0000,False
2026-05-21T20:22:31.643,687.625,,,STOPPED,0.0000,0.0000,False
2026-05-21T20:22:31.843,687.825,,,STOPPED,0.0000,0.0000,False
2026-05-21T20:22:32.043,688.025,,,STOPPED,0.0000,0.0000,False
2026-05-21T20:22:32.243,688.225,,,STOPPED,0.0000,0.0000,False
2026-05-21T20:22:32.443,688.425,,,STOPPED,0.0000,0.0000,False
2026-05-21T20:22:32.643,688.625,,,STOPPED,0.0000,0.0000,False
2026-05-21T20:22:32.843,688.825,,,STOPPED,0.0000,0.0000,False
2026-05-21T20:22:33.043,689.025,,,STOPPED,0.0000,0.0000,False
2026-05-21T20:22:33.243,689.225,,,STOPPED,0.0000,0.0000,False
2026-05-21T20:22:33.443,689.425,,,STOPPED,0.0000,0.0000,False
2026-05-21T20:22:33.643,689.625,,,STOPPED,0.0000,0.0000,False
2026-05-21T20:22:33.843,689.825,,,STOPPED,0.0000,0.0000,False
2026-05-21T20:22:34.043,690.025,,,STOPPED,0.0000,0.0000,False
2026-05-21T20:22:34.243,690.225,,,STOPPED,0.0000,0.0000,False
2026-05-21T20:22:34.443,690.425,,,STOPPED,0.0000,0.0000,False
2026-05-21T20:22:34.643,690.625,,,STOPPED,0.0000,0.0000,False
2026-05-21T20:22:34.843,690.825,,,STOPPED,0.0000,0.0000,False
2026-05-21T20:22:35.043,691.025,,,STOPPED,0.0000,0.0000,False
2026-05-21T20:22:35.243,691.225,,,STOPPED,0.0000,0.0000,False
2026-05-21T20:22:35.443,691.425,,,STOPPED,0.0000,0.0000,False
2026-05-21T20:22:35.643,691.625,,,STOPPED,0.0000,0.0000,False
2026-05-21T20:22:35.843,691.825,,,STOPPED,0.0000,0.0000,False
2026-05-21T20:22:36.043,692.025,,,STOPPED,0.0000,0.0000,False
2026-05-21T20:22:36.243,692.225,,,STOPPED,0.0000,0.0000,False
2026-05-21T20:22:36.443,692.425,,,STOPPED,0.0000,0.0000,False
2026-05-21T20:22:36.643,692.625,,,STOPPED,0.0000,0.0000,False
2026-05-21T20:22:36.843,692.825,,,STOPPED,0.0000,0.0000,False
2026-05-21T20:22:37.043,693.025,,,STOPPED,0.0000,0.0000,False
2026-05-21T20:22:37.243,693.225,,,STOPPED,0.0000,0.0000,False
2026-05-21T20:22:37.443,693.425,,,STOPPED,0.0000,0.0000,False
2026-05-21T20:22:37.643,693.625,,,STOPPED,0.0000,0.0000,False
2026-05-21T20:22:37.843,693.825,,,STOPPED,0.0000,0.0000,False
2026-05-21T20:22:38.043,694.025,,,STOPPED,0.0000,0.0000,False
2026-05-21T20:22:38.243,694.225,,,STOPPED,0.0000,0.0000,False
2026-05-21T20:22:38.443,694.425,,,STOPPED,0.0000,0.0000,False
2026-05-21T20:22:38.643,694.625,,,STOPPED,0.0000,0.0000,False
2026-05-21T20:22:38.843,694.825,,,STOPPED,0.0000,0.0000,False
2026-05-21T20:22:39.043,695.025,,,STOPPED,0.0000,0.0000,False
2026-05-21T20:22:39.243,695.225,,,STOPPED,0.0000,0.0000,False
2026-05-21T20:22:39.443,695.425,,,STOPPED,0.0000,0.0000,False
2026-05-21T20:22:39.643,695.625,,,STOPPED,0.0000,0.0000,False
2026-05-21T20:22:39.843,695.825,,,STOPPED,0.0000,0.0000,False
2026-05-21T20:22:40.043,696.025,,,STOPPED,0.0000,0.0000,False
2026-05-21T20:22:40.243,696.225,,,STOPPED,0.0000,0.0000,False
2026-05-21T20:22:40.443,696.425,,,STOPPED,0.0000,0.0000,False
2026-05-21T20:22:40.643,696.625,,,STOPPED,0.0000,0.0000,False
2026-05-21T20:22:40.843,696.825,,,STOPPED,0.0000,0.0000,False
2026-05-21T20:22:41.043,697.025,,,STOPPED,0.0000,0.0000,False
2026-05-21T20:22:41.243,697.225,,,STOPPED,0.0000,0.0000,False
2026-05-21T20:22:41.443,697.425,,,STOPPED,0.0000,0.0000,False
2026-05-21T20:22:41.643,697.625,,,STOPPED,0.0000,0.0000,False
2026-05-21T20:22:41.843,697.825,,,STOPPED,0.0000,0.0000,False
2026-05-21T20:22:42.043,698.025,,,STOPPED,0.0000,0.0000,False
2026-05-21T20:22:42.243,698.225,,,STOPPED,0.0000,0.0000,False
2026-05-21T20:22:42.443,698.425,,,STOPPED,0.0000,0.0000,False
2026-05-21T20:22:42.643,698.625,,,STOPPED,0.0000,0.0000,False
2026-05-21T20:22:42.843,698.825,,,STOPPED,0.0000,0.0000,False
2026-05-21T20:22:43.043,699.025,,,STOPPED,0.0000,0.0000,False
2026-05-21T20:22:43.243,699.225,,,STOPPED,0.0000,0.0000,False
2026-05-21T20:22:43.443,699.425,,,STOPPED,0.0000,0.0000,False
2026-05-21T20:22:43.643,699.625,,,STOPPED,0.0000,0.0000,False
2026-05-21T20:22:43.843,699.825,,,STOPPED,0.0000,0.0000,False
2026-05-21T20:22:44.043,700.025,,,STOPPED,0.0000,0.0000,False
2026-05-21T20:22:44.243,700.225,,,STOPPED,0.0000,0.0000,False
2026-05-21T20:22:44.443,700.425,,,STOPPED,0.0000,0.0000,False
2026-05-21T20:22:44.643,700.625,,,STOPPED,0.0000,0.0000,False
2026-05-21T20:22:44.843,700.825,,,STOPPED,0.0000,0.0000,False
2026-05-21T20:22:45.043,701.025,,,STOPPED,0.0000,0.0000,False
2026-05-21T20:22:45.243,701.225,,,STOPPED,0.0000,0.0000,False
2026-05-21T20:22:45.443,701.425,,,STOPPED,0.0000,0.0000,False
2026-05-21T20:22:45.643,701.625,,,STOPPED,0.0000,0.0000,False
2026-05-21T20:22:45.843,701.825,,,STOPPED,0.0000,0.0000,False
2026-05-21T20:22:46.043,702.025,,,STOPPED,0.0000,0.0000,False
2026-05-21T20:22:46.243,702.225,,,STOPPED,0.0000,0.0000,False
2026-05-21T20:22:46.443,702.425,,,STOPPED,0.0000,0.0000,False
2026-05-21T20:22:46.643,702.625,,,STOPPED,0.0000,0.0000,False
2026-05-21T20:22:46.843,702.825,,,STOPPED,0.0000,0.0000,False
2026-05-21T20:22:47.043,703.025,,,STOPPED,0.0000,0.0000,False
2026-05-21T20:22:47.243,703.225,,,STOPPED,0.0000,0.0000,False
2026-05-21T20:22:47.443,703.425,,,STOPPED,0.0000,0.0000,False
2026-05-21T20:22:47.643,703.625,,,STOPPED,0.0000,0.0000,False
2026-05-21T20:22:47.843,703.825,GO,"[{""timestamp"": ""2026-05-21T20:22:47"", ""content"": ""GO"", ""bbox_area"": 8615.27897644043}]",DRIVING,0.0800,0.0000,True
2026-05-21T20:22:48.043,704.025,,,DRIVING,0.0800,0.0000,False
2026-05-21T20:22:48.243,704.225,,,DRIVING,0.0800,0.0000,False
2026-05-21T20:22:48.443,704.425,,,DRIVING,0.0800,0.0000,False
2026-05-21T20:22:48.643,704.625,,,DRIVING,0.0800,0.0000,False
2026-05-21T20:22:48.843,704.825,,,DRIVING,0.0800,0.0000,False
2026-05-21T20:22:49.043,705.025,,,DRIVING,0.0800,0.0000,False
2026-05-21T20:22:49.243,705.225,,,DRIVING,0.0800,0.0000,False
2026-05-21T20:22:49.443,705.425,,,DRIVING,0.0800,0.0000,False
2026-05-21T20:22:49.643,705.625,,,DRIVING,0.0800,0.0000,False
2026-05-21T20:22:49.843,705.825,,,DRIVING,0.0800,0.0000,False
2026-05-21T20:22:50.043,706.025,,,DRIVING,0.0800,0.0000,False
2026-05-21T20:22:50.243,706.225,,,DRIVING,0.0800,0.0000,False
2026-05-21T20:22:50.443,706.425,,,DRIVING,0.0800,0.0000,False
2026-05-21T20:22:50.643,706.625,,,DRIVING,0.0800,0.0000,False
2026-05-21T20:22:50.843,706.825,,,RECOVERING,0.0800,0.0000,False
2026-05-21T20:22:51.043,707.025,,,RECOVERING,0.0800,0.0000,False
2026-05-21T20:22:51.243,707.225,,,RECOVERING,0.0800,0.0000,False
2026-05-21T20:22:51.443,707.425,,,RECOVERING,0.0800,0.0000,False
2026-05-21T20:22:51.643,707.625,,,RECOVERING,0.0800,0.0000,False
2026-05-21T20:22:51.843,707.825,,,RECOVERING,0.0800,0.0000,False
2026-05-21T20:22:52.043,708.025,,,RECOVERING,0.0800,0.0000,False
2026-05-21T20:22:52.243,708.225,,,RECOVERING,0.0800,0.0000,False
2026-05-21T20:22:52.443,708.425,,,RECOVERING,0.0800,0.0000,False
2026-05-21T20:22:52.643,708.625,,,RECOVERING,0.0800,0.0000,False
2026-05-21T20:22:52.843,708.825,,,RECOVERING,0.0800,0.0000,False
2026-05-21T20:22:53.043,709.025,,,RECOVERING,0.0800,0.0000,False
2026-05-21T20:22:53.243,709.225,,,RECOVERING,0.0800,0.0000,False
2026-05-21T20:22:53.443,709.425,,,RECOVERING,0.0800,0.0000,False
2026-05-21T20:22:53.643,709.625,,,RECOVERING,0.0800,0.0000,False
2026-05-21T20:22:53.843,709.825,,,RECOVERING,0.0800,0.0000,False
2026-05-21T20:22:54.043,710.025,,,RECOVERING,0.0800,0.0000,False
2026-05-21T20:22:54.243,710.225,,,RECOVERING,0.0800,0.0000,False
2026-05-21T20:22:54.443,710.425,,,RECOVERING,0.0800,0.0000,False
2026-05-21T20:22:54.643,710.625,,,RECOVERING,0.0800,0.0000,False
2026-05-21T20:22:54.843,710.825,,,RECOVERING,0.0800,0.0000,False
2026-05-21T20:22:55.043,711.025,,,RECOVERING,0.0800,0.0000,False
2026-05-21T20:22:55.243,711.225,,,RECOVERING,0.0800,0.0000,False
2026-05-21T20:22:55.443,711.425,,,RECOVERING,0.0800,0.0000,False
2026-05-21T20:22:55.643,711.625,,,RECOVERING,0.0800,0.0000,False
2026-05-21T20:22:55.843,711.825,,,RECOVERING,0.0800,0.0000,False
2026-05-21T20:22:56.043,712.025,,,RECOVERING,0.0800,0.0000,False
2026-05-21T20:22:56.243,712.225,,,RECOVERING,0.0800,0.0000,False
2026-05-21T20:22:56.443,712.425,,,RECOVERING,0.0800,0.0000,False
2026-05-21T20:22:56.643,712.625,,,RECOVERING,0.0800,0.0000,False
2026-05-21T20:22:56.843,712.825,,,RECOVERING,0.0800,0.0000,False
2026-05-21T20:22:57.043,713.025,,,RECOVERING,0.0800,0.0000,False
2026-05-21T20:22:57.243,713.225,,,RECOVERING,0.0800,0.0000,False
2026-05-21T20:22:57.443,713.425,,,RECOVERING,0.0800,0.0000,False
2026-05-21T20:22:57.643,713.625,,,RECOVERING,0.0800,0.0000,False
2026-05-21T20:22:57.843,713.825,,,RECOVERING,0.0800,0.0000,False
2026-05-21T20:22:58.043,714.025,,,RECOVERING,0.0800,0.0000,False
2026-05-21T20:22:58.243,714.225,STOP,"[{""timestamp"": ""2026-05-21T20:22:58"", ""content"": ""STOP"", ""bbox_area"": 9983.86799496878}]",STOPPED,0.0000,0.0000,True
2026-05-21T20:22:58.443,714.425,,,STOPPED,0.0000,0.0000,False
2026-05-21T20:22:58.643,714.625,,,STOPPED,0.0000,0.0000,False
2026-05-21T20:22:58.843,714.825,,,STOPPED,0.0000,0.0000,False
2026-05-21T20:22:59.043,715.025,,,STOPPED,0.0000,0.0000,False
2026-05-21T20:22:59.243,715.225,,,STOPPED,0.0000,0.0000,False
2026-05-21T20:22:59.443,715.425,,,STOPPED,0.0000,0.0000,False
2026-05-21T20:22:59.643,715.625,,,STOPPED,0.0000,0.0000,False
2026-05-21T20:22:59.843,715.825,,,STOPPED,0.0000,0.0000,False
2026-05-21T20:23:00.043,716.025,,,STOPPED,0.0000,0.0000,False
2026-05-21T20:23:00.243,716.225,,,STOPPED,0.0000,0.0000,False
2026-05-21T20:23:00.443,716.425,,,STOPPED,0.0000,0.0000,False
2026-05-21T20:23:00.643,716.625,,,STOPPED,0.0000,0.0000,False
2026-05-21T20:23:00.843,716.825,,,STOPPED,0.0000,0.0000,False
2026-05-21T20:23:01.043,717.025,,,STOPPED,0.0000,0.0000,False
2026-05-21T20:23:01.243,717.225,,,STOPPED,0.0000,0.0000,False
2026-05-21T20:23:01.443,717.425,,,STOPPED,0.0000,0.0000,False
2026-05-21T20:23:01.643,717.625,,,STOPPED,0.0000,0.0000,False
2026-05-21T20:23:01.843,717.825,,,STOPPED,0.0000,0.0000,False
2026-05-21T20:23:02.043,718.025,,,STOPPED,0.0000,0.0000,False
2026-05-21T20:23:02.243,718.225,,,STOPPED,0.0000,0.0000,False
2026-05-21T20:23:02.443,718.425,,,STOPPED,0.0000,0.0000,False
2026-05-21T20:23:02.643,718.625,,,STOPPED,0.0000,0.0000,False
2026-05-21T20:23:02.843,718.825,,,STOPPED,0.0000,0.0000,False
2026-05-21T20:23:03.043,719.025,,,STOPPED,0.0000,0.0000,False
2026-05-21T20:23:03.243,719.225,GO,"[{""timestamp"": ""2026-05-21T20:23:03"", ""content"": ""GO"", ""bbox_area"": 10024.952245302266}]",DRIVING,0.0000,0.0000,True
2026-05-21T20:23:03.443,719.425,,,DRIVING,0.0800,0.0000,False
2026-05-21T20:23:03.643,719.625,,,DRIVING,0.0800,0.0000,False
2026-05-21T20:23:03.843,719.825,,"[{""timestamp"": ""2026-05-21T20:23:03"", ""content"": ""GO"", ""bbox_area"": 10262.792111070827}]",DRIVING,0.0800,0.0000,False
2026-05-21T20:23:04.043,720.025,,,DRIVING,0.0800,0.0000,False
2026-05-21T20:23:04.243,720.225,,,DRIVING,0.0800,0.0000,False
2026-05-21T20:23:04.443,720.425,,,DRIVING,0.0800,0.0000,False
2026-05-21T20:23:04.643,720.625,,,DRIVING,0.0800,0.0000,False
2026-05-21T20:23:04.843,720.825,,,DRIVING,0.0800,0.0000,False
2026-05-21T20:23:05.043,721.025,,,DRIVING,0.0800,0.0000,False
2026-05-21T20:23:05.243,721.225,,,DRIVING,0.0800,0.0000,False
2026-05-21T20:23:05.443,721.425,,,DRIVING,0.0800,0.0000,False
2026-05-21T20:23:05.643,721.625,,,DRIVING,0.0800,0.0000,False
2026-05-21T20:23:05.843,721.825,,,DRIVING,0.0800,0.0000,False
2026-05-21T20:23:06.043,722.025,,,DRIVING,0.0800,0.0000,False
2026-05-21T20:23:06.243,722.225,,,DRIVING,0.0800,0.0000,False
2026-05-21T20:23:06.443,722.425,,,RECOVERING,0.0800,0.0000,False
2026-05-21T20:23:06.643,722.625,,,RECOVERING,0.0800,0.0000,False
2026-05-21T20:23:06.843,722.825,,,RECOVERING,0.0800,0.0000,False
2026-05-21T20:23:07.043,723.025,,,RECOVERING,0.0800,0.0000,False
2026-05-21T20:23:07.243,723.225,,,RECOVERING,0.0800,0.0000,False
2026-05-21T20:23:07.443,723.425,,,RECOVERING,0.0800,0.0000,False
2026-05-21T20:23:07.643,723.625,,,RECOVERING,0.0800,0.0000,False
2026-05-21T20:23:07.843,723.825,,,RECOVERING,0.0800,0.0000,False
2026-05-21T20:23:08.043,724.025,,,RECOVERING,0.0800,0.0000,False
2026-05-21T20:23:08.243,724.225,,,RECOVERING,0.0800,0.0000,False
2026-05-21T20:23:08.443,724.425,,,RECOVERING,0.0800,0.0000,False
2026-05-21T20:23:08.643,724.625,,,RECOVERING,0.0800,0.0000,False
2026-05-21T20:23:08.843,724.825,,,RECOVERING,0.0800,0.0000,False
2026-05-21T20:23:09.043,725.025,,,RECOVERING,0.0800,0.0000,False
2026-05-21T20:23:09.243,725.225,TURN_LEFT,"[{""timestamp"": ""2026-05-21T20:23:09"", ""content"": ""TURN_LEFT"", ""bbox_area"": 11634.234978807159}]",TURNING,0.0800,0.0000,True
2026-05-21T20:23:09.443,725.425,,,TURNING,0.0000,0.4000,False
2026-05-21T20:23:09.643,725.625,,,TURNING,0.0000,0.4000,False
2026-05-21T20:23:09.843,725.825,,,TURNING,0.0000,0.4000,False
2026-05-21T20:23:10.043,726.025,,,TURNING,0.0000,0.4000,False
2026-05-21T20:23:10.243,726.225,,"[{""timestamp"": ""2026-05-21T20:23:10"", ""content"": ""TURN_LEFT"", ""bbox_area"": 13479.636588436784}]",TURNING,0.0000,0.4000,False
2026-05-21T20:23:10.443,726.425,,,TURNING,0.0000,0.4000,False
2026-05-21T20:23:10.643,726.625,,,TURNING,0.0000,0.4000,False
2026-05-21T20:23:10.843,726.825,,,TURNING,0.0000,0.4000,False
2026-05-21T20:23:11.043,727.025,,,TURNING,0.0000,0.4000,False
2026-05-21T20:23:11.243,727.225,,,TURNING,0.0000,0.4000,False
2026-05-21T20:23:11.443,727.425,,,TURNING,0.0000,0.4000,False
2026-05-21T20:23:11.643,727.625,,,TURNING,0.0000,0.4000,False
2026-05-21T20:23:11.843,727.825,,,TURNING,0.0000,0.4000,False
2026-05-21T20:23:12.043,728.025,,,TURNING,0.0000,0.4000,False
2026-05-21T20:23:12.243,728.225,,,TURNING,0.0000,0.4000,False
2026-05-21T20:23:12.443,728.425,,,TURNING,0.0000,0.4000,False
2026-05-21T20:23:12.643,728.625,,,TURNING,0.0000,0.4000,False
2026-05-21T20:23:12.843,728.825,,,TURNING,0.0000,0.4000,False
2026-05-21T20:23:13.043,729.025,,,TURNING,0.0000,0.4000,False
2026-05-21T20:23:13.243,729.225,,,TURNING,0.0000,0.4000,False
2026-05-21T20:23:13.443,729.425,,,RECOVERING,0.0800,0.0000,False
2026-05-21T20:23:13.643,729.625,,,RECOVERING,0.0800,0.0000,False
2026-05-21T20:23:13.843,729.825,,,RECOVERING,0.0800,0.0000,False
2026-05-21T20:23:14.043,730.025,,,RECOVERING,0.0800,0.0000,False
2026-05-21T20:23:14.243,730.225,,,RECOVERING,0.0800,0.0000,False
2026-05-21T20:23:14.443,730.425,,,RECOVERING,0.0800,0.0000,False
2026-05-21T20:23:14.643,730.625,,,RECOVERING,0.0800,0.0000,False
2026-05-21T20:23:14.843,730.825,,,RECOVERING,0.0800,0.0000,False
2026-05-21T20:23:15.043,731.025,,,RECOVERING,0.0800,0.0000,False
2026-05-21T20:23:15.243,731.225,,,RECOVERING,0.0800,0.0000,False
2026-05-21T20:23:15.443,731.425,,,RECOVERING,0.0800,0.0000,False
2026-05-21T20:23:15.643,731.625,,,RECOVERING,0.0800,0.0000,False
2026-05-21T20:23:15.843,731.825,,,RECOVERING,0.0800,0.0000,False
2026-05-21T20:23:16.043,732.025,,,RECOVERING,0.0800,0.0000,False
2026-05-21T20:23:16.243,732.225,,,RECOVERING,0.0800,0.0000,False
2026-05-21T20:23:16.443,732.425,,,RECOVERING,0.0800,0.0000,False
2026-05-21T20:23:16.643,732.625,,,RECOVERING,0.0800,0.0000,False
2026-05-21T20:23:16.843,732.825,,,RECOVERING,0.0800,0.0000,False
2026-05-21T20:23:17.043,733.025,TURN_RIGHT,"[{""timestamp"": ""2026-05-21T20:23:16"", ""content"": ""TURN_RIGHT"", ""bbox_area"": 9187.512923276983}]",TURNING,0.0000,-0.4000,True
2026-05-21T20:23:17.243,733.225,,,TURNING,0.0000,-0.4000,False
2026-05-21T20:23:17.443,733.425,,,TURNING,0.0000,-0.4000,False
2026-05-21T20:23:17.643,733.625,,"[{""timestamp"": ""2026-05-21T20:23:17"", ""content"": ""TURN_RIGHT"", ""bbox_area"": 11957.084034338593}]",TURNING,0.0000,-0.4000,False
2026-05-21T20:23:17.843,733.825,,,TURNING,0.0000,-0.4000,False
2026-05-21T20:23:18.043,734.025,,,TURNING,0.0000,-0.4000,False
2026-05-21T20:23:18.243,734.225,,,TURNING,0.0000,-0.4000,False
2026-05-21T20:23:18.443,734.425,,,TURNING,0.0000,-0.4000,False
2026-05-21T20:23:18.643,734.625,,,TURNING,0.0000,-0.4000,False
2026-05-21T20:23:18.843,734.825,,,TURNING,0.0000,-0.4000,False
2026-05-21T20:23:19.043,735.025,,,TURNING,0.0000,-0.4000,False
2026-05-21T20:23:19.243,735.225,,,TURNING,0.0000,-0.4000,False
2026-05-21T20:23:19.443,735.425,,,TURNING,0.0000,-0.4000,False
2026-05-21T20:23:19.643,735.625,,,TURNING,0.0000,-0.4000,False
2026-05-21T20:23:19.843,735.825,,,TURNING,0.0000,-0.4000,False
2026-05-21T20:23:20.043,736.025,,,TURNING,0.0000,-0.4000,False
2026-05-21T20:23:20.243,736.225,,,TURNING,0.0000,-0.4000,False
2026-05-21T20:23:20.443,736.425,,,TURNING,0.0000,-0.4000,False
2026-05-21T20:23:20.643,736.625,,,TURNING,0.0000,-0.4000,False
2026-05-21T20:23:20.843,736.825,,,TURNING,0.0000,-0.4000,False
2026-05-21T20:23:21.043,737.025,,,DRIVING,0.0800,0.0000,False
2026-05-21T20:23:21.243,737.225,,,RECOVERING,0.0800,0.0000,False
2026-05-21T20:23:21.443,737.425,,,RECOVERING,0.0800,0.0000,False
2026-05-21T20:23:21.643,737.625,,,RECOVERING,0.0800,0.0000,False
2026-05-21T20:23:21.843,737.825,,,RECOVERING,0.0800,0.0000,False
2026-05-21T20:23:22.043,738.025,,,RECOVERING,0.0800,0.0000,False
2026-05-21T20:23:22.243,738.225,,,RECOVERING,0.0800,0.0000,False
2026-05-21T20:23:22.443,738.425,,,RECOVERING,0.0800,0.0000,False
2026-05-21T20:23:22.643,738.625,,,RECOVERING,0.0800,0.0000,False
2026-05-21T20:23:22.843,738.825,,,RECOVERING,0.0800,0.0000,False
2026-05-21T20:23:23.043,739.025,,,RECOVERING,0.0800,0.0000,False
2026-05-21T20:23:23.243,739.225,,,RECOVERING,0.0800,0.0000,False
2026-05-21T20:23:23.443,739.425,,,RECOVERING,0.0800,0.0000,False
2026-05-21T20:23:23.643,739.625,,,RECOVERING,0.0800,0.0000,False
2026-05-21T20:23:23.843,739.825,,,RECOVERING,0.0800,0.0000,False
2026-05-21T20:23:24.043,740.025,,,RECOVERING,0.0800,0.0000,False
2026-05-21T20:23:24.243,740.225,,,RECOVERING,0.0800,0.0000,False
2026-05-21T20:23:24.443,740.425,,,RECOVERING,0.0800,0.0000,False
2026-05-21T20:23:24.643,740.625,,,RECOVERING,0.0800,0.0000,False
2026-05-21T20:23:24.843,740.825,,,RECOVERING,0.0800,0.0000,False
2026-05-21T20:23:25.043,741.025,,,RECOVERING,0.0800,0.0000,False
2026-05-21T20:23:25.243,741.225,,,RECOVERING,0.0800,0.0000,False
2026-05-21T20:23:25.443,741.425,,,RECOVERING,0.0800,0.0000,False
2026-05-21T20:23:25.643,741.625,,,RECOVERING,0.0800,0.0000,False
2026-05-21T20:23:25.843,741.825,,,RECOVERING,0.0800,0.0000,False
2026-05-21T20:23:26.043,742.025,,,RECOVERING,0.0800,0.0000,False
2026-05-21T20:23:26.243,742.225,,,RECOVERING,0.0800,0.0000,False
2026-05-21T20:23:26.443,742.425,,,RECOVERING,0.0800,0.0000,False
2026-05-21T20:23:26.643,742.625,,,RECOVERING,0.0800,0.0000,False
2026-05-21T20:23:26.843,742.825,,,RECOVERING,0.0800,0.0000,False
2026-05-21T20:23:27.043,743.025,,,RECOVERING,0.0800,0.0000,False
2026-05-21T20:23:27.243,743.225,U_TURN,"[{""timestamp"": ""2026-05-21T20:23:27"", ""content"": ""U_TURN"", ""bbox_area"": 13744.517689390574}]",TURNING,0.0000,0.4000,True
2026-05-21T20:23:27.443,743.425,,"[{""timestamp"": ""2026-05-21T20:23:27"", ""content"": ""U_TURN"", ""bbox_area"": 16137.09613501816}]",TURNING,0.0000,0.4000,False
2026-05-21T20:23:27.643,743.625,,,TURNING,0.0000,0.4000,False
2026-05-21T20:23:27.843,743.825,,,TURNING,0.0000,0.4000,False
2026-05-21T20:23:28.043,744.025,,"[{""timestamp"": ""2026-05-21T20:23:27"", ""content"": ""U_TURN"", ""bbox_area"": 14037.452598571777}]",TURNING,0.0000,0.4000,False
2026-05-21T20:23:28.243,744.225,,,TURNING,0.0000,0.4000,False
2026-05-21T20:23:28.443,744.425,,,TURNING,0.0000,0.4000,False
2026-05-21T20:23:28.643,744.625,,,TURNING,0.0000,0.4000,False
2026-05-21T20:23:28.843,744.825,,,TURNING,0.0000,0.4000,False
2026-05-21T20:23:29.043,745.025,,,TURNING,0.0000,0.4000,False
2026-05-21T20:23:29.243,745.225,,,TURNING,0.0000,0.4000,False
2026-05-21T20:23:29.443,745.425,,,TURNING,0.0000,0.4000,False
2026-05-21T20:23:29.643,745.625,,,TURNING,0.0000,0.4000,False
2026-05-21T20:23:29.843,745.825,,,TURNING,0.0000,0.4000,False
2026-05-21T20:23:30.043,746.025,,,TURNING,0.0000,0.4000,False
2026-05-21T20:23:30.243,746.225,,,TURNING,0.0000,0.4000,False
2026-05-21T20:23:30.443,746.425,,,TURNING,0.0000,0.4000,False
2026-05-21T20:23:30.643,746.625,,,TURNING,0.0000,0.4000,False
2026-05-21T20:23:30.843,746.825,,,TURNING,0.0000,0.4000,False
2026-05-21T20:23:31.043,747.025,,,TURNING,0.0000,0.4000,False
2026-05-21T20:23:31.243,747.225,,,TURNING,0.0000,0.4000,False
2026-05-21T20:23:31.443,747.425,,,TURNING,0.0000,0.4000,False
2026-05-21T20:23:31.643,747.625,,,TURNING,0.0000,0.4000,False
2026-05-21T20:23:31.843,747.825,,,TURNING,0.0000,0.4000,False
2026-05-21T20:23:32.043,748.025,,,TURNING,0.0000,0.4000,False
2026-05-21T20:23:32.243,748.225,,,TURNING,0.0000,0.4000,False
2026-05-21T20:23:32.443,748.425,,,TURNING,0.0000,0.4000,False
2026-05-21T20:23:32.643,748.625,,,TURNING,0.0000,0.4000,False
2026-05-21T20:23:32.843,748.825,,,TURNING,0.0000,0.4000,False
2026-05-21T20:23:33.043,749.025,,,TURNING,0.0000,0.4000,False
2026-05-21T20:23:33.243,749.225,,,TURNING,0.0000,0.4000,False
2026-05-21T20:23:33.443,749.425,,,TURNING,0.0000,0.4000,False
2026-05-21T20:23:33.643,749.625,,,TURNING,0.0000,0.4000,False
2026-05-21T20:23:33.843,749.825,,,TURNING,0.0000,0.4000,False
2026-05-21T20:23:34.043,750.025,,,TURNING,0.0000,0.4000,False
2026-05-21T20:23:34.243,750.225,,,TURNING,0.0000,0.4000,False
2026-05-21T20:23:34.443,750.425,,,TURNING,0.0000,0.4000,False
2026-05-21T20:23:34.643,750.625,,,TURNING,0.0000,0.4000,False
2026-05-21T20:23:34.843,750.825,,,TURNING,0.0000,0.4000,False
2026-05-21T20:23:35.043,751.025,,,TURNING,0.0000,0.4000,False
2026-05-21T20:23:35.243,751.225,,,RECOVERING,0.0800,0.0000,False
2026-05-21T20:23:35.443,751.425,,,RECOVERING,0.0800,0.0000,False
2026-05-21T20:23:35.643,751.625,,,RECOVERING,0.0800,0.0000,False
2026-05-21T20:23:35.843,751.825,,,RECOVERING,0.0800,0.0000,False
2026-05-21T20:23:36.043,752.025,,,RECOVERING,0.0800,0.0000,False
2026-05-21T20:23:36.243,752.225,,,RECOVERING,0.0800,0.0000,False
2026-05-21T20:23:36.443,752.425,,,RECOVERING,0.0800,0.0000,False
2026-05-21T20:23:36.643,752.625,,,RECOVERING,0.0800,0.0000,False
2026-05-21T20:23:36.843,752.825,,,RECOVERING,0.0800,0.0000,False
2026-05-21T20:23:37.043,753.025,,,RECOVERING,0.0800,0.0000,False
2026-05-21T20:23:37.243,753.225,SPEED_UP,"[{""timestamp"": ""2026-05-21T20:23:37"", ""content"": ""SPEED_UP"", ""bbox_area"": 5962.3334589172155}]",DRIVING,0.1300,0.0000,True
2026-05-21T20:23:37.443,753.425,,,DRIVING,0.1300,0.0000,False
2026-05-21T20:23:37.643,753.625,,,DRIVING,0.1300,0.0000,False
2026-05-21T20:23:37.843,753.825,,"[{""timestamp"": ""2026-05-21T20:23:37"", ""content"": ""SPEED_UP"", ""bbox_area"": 6269.565856933594}]",DRIVING,0.1300,0.0000,False
2026-05-21T20:23:38.043,754.025,,,DRIVING,0.1300,0.0000,False
2026-05-21T20:23:38.243,754.225,,,DRIVING,0.1300,0.0000,False
2026-05-21T20:23:38.443,754.425,,,DRIVING,0.1300,0.0000,False
2026-05-21T20:23:38.643,754.625,,,DRIVING,0.1300,0.0000,False
2026-05-21T20:23:38.843,754.825,,,DRIVING,0.1300,0.0000,False
2026-05-21T20:23:39.043,755.025,,,DRIVING,0.1300,0.0000,False
2026-05-21T20:23:39.243,755.225,,,DRIVING,0.1300,0.0000,False
2026-05-21T20:23:39.443,755.425,,,DRIVING,0.1300,0.0000,False
2026-05-21T20:23:39.643,755.625,,,DRIVING,0.1300,0.0000,False
2026-05-21T20:23:39.843,755.825,,,DRIVING,0.1300,0.0000,False
2026-05-21T20:23:40.043,756.025,,,DRIVING,0.1300,0.0000,False
2026-05-21T20:23:40.243,756.225,,,RECOVERING,0.1300,0.0000,False
2026-05-21T20:23:40.443,756.425,,,RECOVERING,0.1300,0.0000,False
2026-05-21T20:23:40.643,756.625,,,RECOVERING,0.1300,0.0000,False
2026-05-21T20:23:40.843,756.825,,,RECOVERING,0.1300,0.0000,False
2026-05-21T20:23:41.043,757.025,,,RECOVERING,0.1300,0.0000,False
2026-05-21T20:23:41.243,757.225,,,RECOVERING,0.1300,0.0000,False
2026-05-21T20:23:41.443,757.425,,,RECOVERING,0.1300,0.0000,False
2026-05-21T20:23:41.643,757.625,,,RECOVERING,0.1300,0.0000,False
2026-05-21T20:23:41.843,757.825,,,RECOVERING,0.1300,0.0000,False
2026-05-21T20:23:42.043,758.025,,,RECOVERING,0.1300,0.0000,False
2026-05-21T20:23:42.243,758.225,,,RECOVERING,0.1300,0.0000,False
2026-05-21T20:23:42.443,758.425,,,RECOVERING,0.1300,0.0000,False
2026-05-21T20:23:42.643,758.625,,,RECOVERING,0.1300,0.0000,False
2026-05-21T20:23:42.843,758.825,SPEED_DOWN,"[{""timestamp"": ""2026-05-21T20:23:42"", ""content"": ""SPEED_DOWN"", ""bbox_area"": 12153.263195310254}]",DRIVING,0.0800,0.0000,True
2026-05-21T20:23:43.043,759.025,,,DRIVING,0.0800,0.0000,False
2026-05-21T20:23:43.243,759.225,,"[{""timestamp"": ""2026-05-21T20:23:43"", ""content"": ""SPEED_DOWN"", ""bbox_area"": 7754.383573933737}]",DRIVING,0.0800,0.0000,False
2026-05-21T20:23:43.443,759.425,,,DRIVING,0.0800,0.0000,False
2026-05-21T20:23:43.644,759.626,,,DRIVING,0.0800,0.0000,False
2026-05-21T20:23:43.843,759.825,,,DRIVING,0.0800,0.0000,False
2026-05-21T20:23:44.043,760.025,,,DRIVING,0.0800,0.0000,False
2026-05-21T20:23:44.243,760.225,,,DRIVING,0.0800,0.0000,False
2026-05-21T20:23:44.443,760.425,,,DRIVING,0.0800,0.0000,False
2026-05-21T20:23:44.643,760.625,,,DRIVING,0.0800,0.0000,False
2026-05-21T20:23:44.843,760.825,,,DRIVING,0.0800,0.0000,False
2026-05-21T20:23:45.043,761.025,,,DRIVING,0.0800,0.0000,False
2026-05-21T20:23:45.243,761.225,,,DRIVING,0.0800,0.0000,False
2026-05-21T20:23:45.443,761.425,,,DRIVING,0.0800,0.0000,False
2026-05-21T20:23:45.643,761.625,,,DRIVING,0.0800,0.0000,False
2026-05-21T20:23:45.843,761.825,,,RECOVERING,0.0800,0.0000,False
2026-05-21T20:23:46.043,762.025,,,RECOVERING,0.0800,0.0000,False
2026-05-21T20:23:46.243,762.225,,,RECOVERING,0.0800,0.0000,False
2026-05-21T20:23:46.443,762.425,,,RECOVERING,0.0800,0.0000,False
2026-05-21T20:23:46.643,762.625,,,RECOVERING,0.0800,0.0000,False
2026-05-21T20:23:46.843,762.825,,,RECOVERING,0.0800,0.0000,False
2026-05-21T20:23:47.043,763.025,,,RECOVERING,0.0800,0.0000,False
2026-05-21T20:23:47.243,763.225,,,RECOVERING,0.0800,0.0000,False
2026-05-21T20:23:47.443,763.425,,,RECOVERING,0.0800,0.0000,False
2026-05-21T20:23:47.643,763.625,,,RECOVERING,0.0800,0.0000,False
2026-05-21T20:23:47.843,763.825,STOP,"[{""timestamp"": ""2026-05-21T20:23:47"", ""content"": ""STOP"", ""bbox_area"": 8557.759194248822}]",STOPPED,0.0000,0.0000,True
2026-05-21T20:23:48.043,764.025,,,STOPPED,0.0000,0.0000,False
2026-05-21T20:23:48.243,764.225,,"[{""timestamp"": ""2026-05-21T20:23:48"", ""content"": ""STOP"", ""bbox_area"": 8594.162084609736}]",STOPPED,0.0000,0.0000,False
2026-05-21T20:23:48.443,764.425,,,STOPPED,0.0000,0.0000,False
2026-05-21T20:23:48.643,764.625,,,STOPPED,0.0000,0.0000,False
2026-05-21T20:23:48.843,764.825,,,STOPPED,0.0000,0.0000,False
2026-05-21T20:23:49.043,765.025,,,STOPPED,0.0000,0.0000,False
2026-05-21T20:23:49.243,765.225,,,STOPPED,0.0000,0.0000,False
2026-05-21T20:23:49.444,765.426,,,STOPPED,0.0000,0.0000,False
2026-05-21T20:23:49.643,765.625,,,STOPPED,0.0000,0.0000,False
2026-05-21T20:23:49.843,765.825,,,STOPPED,0.0000,0.0000,False
2026-05-21T20:23:50.043,766.025,,,STOPPED,0.0000,0.0000,False
2026-05-21T20:23:50.243,766.225,,,STOPPED,0.0000,0.0000,False
2026-05-21T20:23:50.443,766.425,,,STOPPED,0.0000,0.0000,False
2026-05-21T20:23:50.643,766.625,,,STOPPED,0.0000,0.0000,False
2026-05-21T20:23:50.843,766.825,,,STOPPED,0.0000,0.0000,False
2026-05-21T20:23:51.043,767.025,,,STOPPED,0.0000,0.0000,False
2026-05-21T20:23:51.243,767.225,,,STOPPED,0.0000,0.0000,False
2026-05-21T20:23:51.443,767.425,,,STOPPED,0.0000,0.0000,False
2026-05-21T20:23:51.643,767.625,,,STOPPED,0.0000,0.0000,False
